Workbook

Sheet Left Clicks (10 cps)
AB1: {=INDEX(I$4:I1644,MATCH(LARGE(K$4:K1644,COUNTIF(K$4:K1644,">"&1000000000)+1),K$4:K1644,1))+(1000000000-LARGE(K$4:K1644,COUNTIF(K$4:K1644,">"&1000000000)+1))/INDEX(F$4:F1644,MATCH(LARGE(K$4:K1644,COUNTIF(K$4:K1644,">"&1000000000)+1),K$4:K1644,1))} -> 7850.2479 | AC1: {=INDEX(W$4:W1644,MATCH(LARGE(Y$4:Y1644,COUNTIF(Y$4:Y1644,">"&1000000000)+1),Y$4:Y1644,1))+(1000000000-LARGE(Y$4:Y1644,COUNTIF(Y$4:Y1644,">"&1000000000)+1))/INDEX(T$4:T1644,MATCH(LARGE(Y$4:Y1644,COUNTIF(Y$4:Y1644,">"&1000000000)+1),Y$4:Y1644,1))} -> 7801.1211 | AF1: =AC1-AB1 -> -49.126806
AA2: Final Times: | AB2: =IF(AB1>3600,TRUNC(AB1/3600)&"h ","")&IF(AB1>59,IF(AND(AB1>3599,QUOTIENT(MOD(AB1,3600),60)<10),"0","")&QUOTIENT(MOD(AB1,3600),60)&"m ","")&IF(AND(AB1>=10,MOD(AB1,60)<10),"0","")&ROUNDDOWN(MOD(AB1,60),0)&"s" -> 2h 10m 50s | AC2: =IF(AC1>3600,TRUNC(AC1/3600)&"h ","")&IF(AC1>59,IF(AND(AC1>3599,QUOTIENT(MOD(AC1,3600),60)<10),"0","")&QUOTIENT(MOD(AC1,3600),60)&"m ","")&IF(AND(AC1>=10,MOD(AC1,60)<10),"0","")&ROUNDDOWN(MOD(AC1,60),0)&"s" -> 2h 10m 01s | AE2: Δt: | AF2: =IF(AF1>0,"+","")&IF(ABS(AF1)>3600,TRUNC(AF1/3600)&"h "&IF(QUOTIENT(MOD(ABS(AF1),3600),60)<10,"0","")&QUOTIENT(MOD(ABS(AF1),3600),60)&"m",TRUNC(AF1,3)) -> -49,126
B3: # | C3: Old Route | D3: Impossible | E3: Build cps | F3: Total cps | G3: Build Price | H3: Real Cost | I3: Seconds | J3: Time Passed | K3: Cookies | L3: Δ Time | M3: Δ Cookies | N3: Δ Time | O3: Δ Cookies | P3: FALSE | Q3: New Route | R3: Impossible | S3: Build cps | T3: Total cps | U3: Build Price | V3: Real Cost | W3: Seconds | X3: Time Passed | Y3: Cookies
B4: =COUNTIF(C$4:C4,C4)-COUNTIF(C$4:C4,"Sell_"&C4) -> 1 | C4: Start | D4: FALSE | E4: 0 | F4: =IF($AC$5>0,$AC$5,15) -> 10 | G4: 0 | H4: 0 | I4: 0 | J4: 0s | K4: 0 | L4: 0 | M4: 0 | N4: 0 | O4: 0 | P4: =COUNTIF(Q$4:Q4,Q4)-COUNTIF(Q$4:Q4,"Sell_"&Q4) -> 1 | Q4: Start | R4: FALSE | S4: 0 | T4: =IF($AD$5>0,$AD$5,15) -> 10 | U4: 0 | V4: 0 | W4: 0 | X4: 0s | Y4: 0
B5: =IF(COUNTA(C5:C1644)=0,"",COUNTIF(C$4:C5,C5)-COUNTIF(C$4:C5,"Sell_"&C5)) -> 1 | C5: Cursor | D5: =IFERROR(__xludf.DUMMYFUNCTION("IF(COUNTA(C5:C1644)=0,"""",IF(ISBLANK(C5),FALSE,IF(NOT(COUNTIF($AA$24:$AA$34,SUBSTITUTE(C5,""Sell_"",""""))),1,IF(REGEXMATCH(C5,""Sell_""),IF(COUNTIF(C$4:C5,SUBSTITUTE(C5,""Sell_"",""""))-COUNTIF(C$4:C4,C5)<1,1),FALSE))))"),FALSE) -> FALSE | E5: {=IF(COUNTA(C5:C1644)=0,"",SUM((COUNTIF(C$4:C5,Upgrades!$B$3:$B$13)-COUNTIF(C$4:C5,"Sell_"&Upgrades!$B$3:$B$13))*Upgrades!$D$3:$D$13))} -> 0.1 | F5: =IFERROR(__xludf.DUMMYFUNCTION("IF(COUNTA(C5:C1644)=0,"""",IF(REGEXMATCH(INDEX(FILTER(C$4:C5,C$4:C5<>""""),ROWS(FILTER(C$4:C5,C$4:C5<>""""))),""^Sell_""),INDEX(FILTER(F$4:F4,C$4:C4<>""""),ROWS(FILTER(C$4:C4,C$4:C4<>""""))),$AC$5+E5))"),10.1) -> 10.1 | G5: =IFERROR(__xludf.DUMMYFUNCTION("IF(COUNTA(C5:C1644)=0,"""",IF(C5="""",0,IF(REGEXMATCH(C5,""^Sell_""),-ROUNDDOWN(ROUNDUP(INDEX(Upgrades!$C$3:$C$13,MATCH(SUBSTITUTE(C5,""Sell_"",""""),Upgrades!$B$3:$B$13,0))*1.15^(COUNTIF(C$4:C4,SUBSTITUTE(C5,""Sell_"",""""))-COUNTIF(C$4:C4,""Sell_""&SUBS"&"TITUTE(C5,""Sell_"",""""))))/2),ROUNDUP(INDEX(Upgrades!$C$3:$C$13,MATCH(C5,Upgrades!$B$3:$B$13,0))*1.15^(COUNTIF(C$4:C4,C5)-COUNTIF(C$4:C4,""Sell_""&C5))))))"),15.0) -> 15 | H5: =IF(COUNTA(C5:C1644)=0,"",G5+IF(H4<0,H4)) -> 15 | I5: =IF(COUNTA(C5:C1644)=0,"",I4+IF(H5>0,H5,0)/F4) -> 1.5 | J5: =IF(COUNTA(C5:C1644)=0,"",IF(I5>3600,TRUNC(I5/3600)&"h ","")&IF(I5>59,IF(AND(I5>3599,QUOTIENT(MOD(I5,3600),60)<10),"0","")&QUOTIENT(MOD(I5,3600),60)&"m ","")&IF(AND(I5>=10,MOD(I5,60)<10),"0","")&ROUNDDOWN(MOD(I5,60),0)&"s") -> 1s | K5: =IF(COUNTA(C5:C1644)=0,"",K4+IF(H5>0,H5,0)) -> 15 | L5: =IFS(AND(COUNTA(C5:C1644)=0,COUNTA(Q5:Q1644)=0),"",OR(AND(K5>=1000000000,OR(Y5>=1000000000,COUNTA(Q5:Q1644)=0)),OR(Y5>=1000000000,AND(COUNTA(C5:C1644)=0,P$3=TRUE))),AF$1, AND(K5<1000000000,COUNTA(C5:C1644)>0,P$3=FALSE),TRUNC(LARGE(W$4:W1644,COUNTIF(Y$4:Y1644,">"&K5)+1)+(K5-LARGE(Y$4:Y1644,COUNTIF(Y$4:Y1644,">"&K5)+1))/LARGE(T$4:T1644,COUNTIF(Y$4:Y1644,">"&K5)+1)-I5,5),1, TRUNC(W5-LARGE(I$4:I1644,COUNTIF(K$4:K1644,">"&Y5)+1)-(Y5-LARGE(K$4:K1644,COUNTIF(K$4:K1644,">"&Y5)+1))/LARGE(F$4:F1644,COUNTIF(K$4:K1644,">"&Y5)+1),5)) -> 0 | M5: =IFERROR(__xludf.DUMMYFUNCTION("IFS(AND(COUNTA(C5:C1644)=0,COUNTA(Q5:Q1644)=0),"""",OR(AND(K5>=1000000000,OR(Y5>=1000000000,COUNTA(Q5:Q1644)=0)),OR(Y5>=1000000000,AND(COUNTA(C5:C1644)=0,P$3=TRUE))), ROUNDDOWN((AB$1-AC$1)*MAX(INDEX(T$4:T1644,MATCH(LARGE(FILTER(Y$4:Y1644,Y$4:Y1644<1000000"&"000),1),Y$4:Y1644)),INDEX(F$4:F1644,MATCH(LARGE(FILTER(K$4:K1644,K$4:K1644<1000000000),1),K$4:K1644)))),AND(K5<1000000000,COUNTA(C5:C1644)>0,P$3=FALSE), ROUNDDOWN(INDEX(Y$4:Y1644,MATCH(LARGE(FILTER(W$4:W1644,W$4:W1644<=I5),1),W$4:W1644))+(I5-LARGE(FILTER("&"W$4:W1644,W$4:W1644<=I5),1))*INDEX(T$4:T1644,MATCH(LARGE(FILTER(W$4:W1644,W$4:W1644<=I5),1),W$4:W1644))-K5),1, ROUNDDOWN(Y5-INDEX(K$4:K1644,MATCH(LARGE(FILTER(I$4:I1644,I$4:I1644<=W5),1),I$4:I1644))-(W5-LARGE(FILTER(I$4:I1644,I$4:I1644<=W5),1))*INDEX(F$4:"&"F1644,MATCH(LARGE(FILTER(I$4:I1644,I$4:I1644<=W5),1),I$4:I1644))))"),0.0) -> 0 | N5: =IF(ABS(L5)>=10000,TEXT(ROUND(L5,1),"#.#")&IF(RIGHT(TEXT(ROUND(L5,1),"#.#"))=",","0",""),L5) -> 0 | O5: =IF(ABS(M5)<1000000,M5,IF(ABS(M5)<1000000000,TEXT(ROUND(M5/1000000,1),"#.#")&IF(RIGHT(TEXT(ROUND(M5/1000000,1),"#.#"))=",","0","")&"M",TEXT(ROUND(M5/1000000000,1),"#.#")&IF(RIGHT(TEXT(ROUND(M5/1000000000,1),"#.#"))=",","0","")&"B")) -> 0 | P5: =IF(COUNTA(Q5:Q1644)=0,"",COUNTIF(Q$4:Q5,Q5)-COUNTIF(Q$4:Q5,"Sell_"&Q5)) -> 1 | Q5: Cursor | R5: =IFERROR(__xludf.DUMMYFUNCTION("IF(COUNTA(Q5:Q1644)=0,"""",IF(ISBLANK(Q5),FALSE,IF(NOT(COUNTIF($AA$24:$AA$34,SUBSTITUTE(Q5,""Sell_"",""""))),1,IF(REGEXMATCH(Q5,""Sell_""),IF(COUNTIF(Q$4:Q5,SUBSTITUTE(Q5,""Sell_"",""""))-COUNTIF(Q$4:Q4,Q5)<1,1),FALSE))))"),FALSE) -> FALSE | S5: {=IF(COUNTA(Q5:Q1644)=0,"",SUM((COUNTIF(Q$4:Q5,Upgrades!$B$3:$B$13)-COUNTIF(Q$4:Q5,"Sell_"&Upgrades!$B$3:$B$13))*Upgrades!$D$3:$D$13))} -> 0.1 | T5: =IFERROR(__xludf.DUMMYFUNCTION("IF(COUNTA(Q5:Q1644)=0,"""",IF(REGEXMATCH(INDEX(FILTER(Q$4:Q5,Q$4:Q5<>""""),ROWS(FILTER(Q$4:Q5,Q$4:Q5<>""""))),""^Sell_""),INDEX(FILTER(T$4:T4,Q$4:Q4<>""""),ROWS(FILTER(Q$4:Q4,Q$4:Q4<>""""))),$AD$5+S5))"),10.1) -> 10.1 | U5: =IFERROR(__xludf.DUMMYFUNCTION("IF(COUNTA(Q5:Q1644)=0,"""",IF(Q5="""",0,IF(REGEXMATCH(Q5,""^Sell_""),-ROUNDDOWN(ROUNDUP(INDEX(Upgrades!$C$3:$C$13,MATCH(SUBSTITUTE(Q5,""Sell_"",""""),Upgrades!$B$3:$B$13,0))*1.15^(COUNTIF(Q$4:Q4,SUBSTITUTE(Q5,""Sell_"",""""))-COUNTIF(Q$4:Q4,""Sell_""&SUBS"&"TITUTE(Q5,""Sell_"",""""))))/2),ROUNDUP(INDEX(Upgrades!$C$3:$C$13,MATCH(Q5,Upgrades!$B$3:$B$13,0))*1.15^(COUNTIF(Q$4:Q4,Q5)-COUNTIF(Q$4:Q4,""Sell_""&Q5))))))"),15.0) -> 15 | V5: =IF(COUNTA(Q5:Q1644)=0,"",U5+IF(V4<0,V4)) -> 15 | W5: =IF(COUNTA(Q5:Q1644)=0,"",W4+IF(V5>0,V5,0)/T4) -> 1.5 | X5: =IF(COUNTA(Q5:Q1644)=0,"",IF(W5>3600,TRUNC(W5/3600)&"h ","")&IF(W5>59,IF(AND(W5>3599,QUOTIENT(MOD(W5,3600),60)<10),"0","")&QUOTIENT(MOD(W5,3600),60)&"m ","")&IF(AND(W5>=10,MOD(W5,60)<10),"0","")&ROUNDDOWN(MOD(W5,60),0)&"s") -> 1s | Y5: =IF(COUNTA(Q5:Q1644)=0,"",Y4+IF(V5>0,V5,0)) -> 15 | AA5: SELECT YOUR MOUSE CPS | AC5: 10 | AD5: 10
B6: =IF(COUNTA(C6:C1645)=0,"",COUNTIF(C$4:C6,C6)-COUNTIF(C$4:C6,"Sell_"&C6)) -> 1 | C6: Farm | D6: =IFERROR(__xludf.DUMMYFUNCTION("IF(COUNTA(C6:C1644)=0,"""",IF(ISBLANK(C6),FALSE,IF(NOT(COUNTIF($AA$24:$AA$34,SUBSTITUTE(C6,""Sell_"",""""))),1,IF(REGEXMATCH(C6,""Sell_""),IF(COUNTIF(C$4:C6,SUBSTITUTE(C6,""Sell_"",""""))-COUNTIF(C$4:C5,C6)<1,1),FALSE))))"),FALSE) -> FALSE | E6: {=IF(COUNTA(C6:C1644)=0,"",SUM((COUNTIF(C$4:C6,Upgrades!$B$3:$B$13)-COUNTIF(C$4:C6,"Sell_"&Upgrades!$B$3:$B$13))*Upgrades!$D$3:$D$13))} -> 4.1 | F6: =IFERROR(__xludf.DUMMYFUNCTION("IF(COUNTA(C6:C1644)=0,"""",IF(REGEXMATCH(INDEX(FILTER(C$4:C6,C$4:C6<>""""),ROWS(FILTER(C$4:C6,C$4:C6<>""""))),""^Sell_""),INDEX(FILTER(F$4:F5,C$4:C5<>""""),ROWS(FILTER(C$4:C5,C$4:C5<>""""))),$AC$5+E6))"),14.1) -> 14.1 | G6: =IFERROR(__xludf.DUMMYFUNCTION("IF(COUNTA(C6:C1644)=0,"""",IF(C6="""",0,IF(REGEXMATCH(C6,""^Sell_""),-ROUNDDOWN(ROUNDUP(INDEX(Upgrades!$C$3:$C$13,MATCH(SUBSTITUTE(C6,""Sell_"",""""),Upgrades!$B$3:$B$13,0))*1.15^(COUNTIF(C$4:C5,SUBSTITUTE(C6,""Sell_"",""""))-COUNTIF(C$4:C5,""Sell_""&SUBS"&"TITUTE(C6,""Sell_"",""""))))/2),ROUNDUP(INDEX(Upgrades!$C$3:$C$13,MATCH(C6,Upgrades!$B$3:$B$13,0))*1.15^(COUNTIF(C$4:C5,C6)-COUNTIF(C$4:C5,""Sell_""&C6))))))"),500.0) -> 500 | H6: =IF(COUNTA(C6:C1645)=0,"",G6+IF(H5<0,H5)) -> 500 | I6: =IF(COUNTA(C6:C1645)=0,"",I5+IF(H6>0,H6,0)/F5) -> 51.00495 | J6: =IF(COUNTA(C6:C1645)=0,"",IF(I6>3600,TRUNC(I6/3600)&"h ","")&IF(I6>59,IF(AND(I6>3599,QUOTIENT(MOD(I6,3600),60)<10),"0","")&QUOTIENT(MOD(I6,3600),60)&"m ","")&IF(AND(I6>=10,MOD(I6,60)<10),"0","")&ROUNDDOWN(MOD(I6,60),0)&"s") -> 51s | K6: =IF(COUNTA(C6:C1645)=0,"",K5+IF(H6>0,H6,0)) -> 515 | L6: =IFS(AND(COUNTA(C6:C1645)=0,COUNTA(Q6:Q1645)=0),"",OR(AND(K6>=1000000000,OR(Y6>=1000000000,COUNTA(Q6:Q1645)=0)),OR(Y6>=1000000000,AND(COUNTA(C6:C1645)=0,P$3=TRUE))),AF$1, AND(K6<1000000000,COUNTA(C6:C1645)>0,P$3=FALSE),TRUNC(LARGE(W$4:W1645,COUNTIF(Y$4:Y1645,">"&K6)+1)+(K6-LARGE(Y$4:Y1645,COUNTIF(Y$4:Y1645,">"&K6)+1))/LARGE(T$4:T1645,COUNTIF(Y$4:Y1645,">"&K6)+1)-I6,5),1, TRUNC(W6-LARGE(I$4:I1645,COUNTIF(K$4:K1645,">"&Y6)+1)-(Y6-LARGE(K$4:K1645,COUNTIF(K$4:K1645,">"&Y6)+1))/LARGE(F$4:F1645,COUNTIF(K$4:K1645,">"&Y6)+1),5)) -> 0 | M6: =IFERROR(__xludf.DUMMYFUNCTION("IFS(AND(COUNTA(C6:C1644)=0,COUNTA(Q6:Q1644)=0),"""",OR(AND(K6>=1000000000,OR(Y6>=1000000000,COUNTA(Q6:Q1644)=0)),OR(Y6>=1000000000,AND(COUNTA(C6:C1644)=0,P$3=TRUE))), ROUNDDOWN((AB$1-AC$1)*MAX(INDEX(T$4:T1644,MATCH(LARGE(FILTER(Y$4:Y1644,Y$4:Y1644<1000000"&"000),1),Y$4:Y1644)),INDEX(F$4:F1644,MATCH(LARGE(FILTER(K$4:K1644,K$4:K1644<1000000000),1),K$4:K1644)))),AND(K6<1000000000,COUNTA(C6:C1644)>0,P$3=FALSE), ROUNDDOWN(INDEX(Y$4:Y1644,MATCH(LARGE(FILTER(W$4:W1644,W$4:W1644<=I6),1),W$4:W1644))+(I6-LARGE(FILTER("&"W$4:W1644,W$4:W1644<=I6),1))*INDEX(T$4:T1644,MATCH(LARGE(FILTER(W$4:W1644,W$4:W1644<=I6),1),W$4:W1644))-K6),1, ROUNDDOWN(Y6-INDEX(K$4:K1644,MATCH(LARGE(FILTER(I$4:I1644,I$4:I1644<=W6),1),I$4:I1644))-(W6-LARGE(FILTER(I$4:I1644,I$4:I1644<=W6),1))*INDEX(F$4:"&"F1644,MATCH(LARGE(FILTER(I$4:I1644,I$4:I1644<=W6),1),I$4:I1644))))"),0.0) -> 0 | N6: =IF(ABS(L6)>=10000,TEXT(ROUND(L6,1),"#.#")&IF(RIGHT(TEXT(ROUND(L6,1),"#.#"))=",","0",""),L6) -> 0 | O6: =IF(ABS(M6)<1000000,M6,IF(ABS(M6)<1000000000,TEXT(ROUND(M6/1000000,1),"#.#")&IF(RIGHT(TEXT(ROUND(M6/1000000,1),"#.#"))=",","0","")&"M",TEXT(ROUND(M6/1000000000,1),"#.#")&IF(RIGHT(TEXT(ROUND(M6/1000000000,1),"#.#"))=",","0","")&"B")) -> 0 | P6: =IF(COUNTA(Q6:Q1645)=0,"",COUNTIF(Q$4:Q6,Q6)-COUNTIF(Q$4:Q6,"Sell_"&Q6)) -> 1 | Q6: Farm | R6: =IFERROR(__xludf.DUMMYFUNCTION("IF(COUNTA(Q6:Q1644)=0,"""",IF(ISBLANK(Q6),FALSE,IF(NOT(COUNTIF($AA$24:$AA$34,SUBSTITUTE(Q6,""Sell_"",""""))),1,IF(REGEXMATCH(Q6,""Sell_""),IF(COUNTIF(Q$4:Q6,SUBSTITUTE(Q6,""Sell_"",""""))-COUNTIF(Q$4:Q5,Q6)<1,1),FALSE))))"),FALSE) -> FALSE | S6: {=IF(COUNTA(Q6:Q1644)=0,"",SUM((COUNTIF(Q$4:Q6,Upgrades!$B$3:$B$13)-COUNTIF(Q$4:Q6,"Sell_"&Upgrades!$B$3:$B$13))*Upgrades!$D$3:$D$13))} -> 4.1 | T6: =IFERROR(__xludf.DUMMYFUNCTION("IF(COUNTA(Q6:Q1644)=0,"""",IF(REGEXMATCH(INDEX(FILTER(Q$4:Q6,Q$4:Q6<>""""),ROWS(FILTER(Q$4:Q6,Q$4:Q6<>""""))),""^Sell_""),INDEX(FILTER(T$4:T5,Q$4:Q5<>""""),ROWS(FILTER(Q$4:Q5,Q$4:Q5<>""""))),$AD$5+S6))"),14.1) -> 14.1 | U6: =IFERROR(__xludf.DUMMYFUNCTION("IF(COUNTA(Q6:Q1644)=0,"""",IF(Q6="""",0,IF(REGEXMATCH(Q6,""^Sell_""),-ROUNDDOWN(ROUNDUP(INDEX(Upgrades!$C$3:$C$13,MATCH(SUBSTITUTE(Q6,""Sell_"",""""),Upgrades!$B$3:$B$13,0))*1.15^(COUNTIF(Q$4:Q5,SUBSTITUTE(Q6,""Sell_"",""""))-COUNTIF(Q$4:Q5,""Sell_""&SUBS"&"TITUTE(Q6,""Sell_"",""""))))/2),ROUNDUP(INDEX(Upgrades!$C$3:$C$13,MATCH(Q6,Upgrades!$B$3:$B$13,0))*1.15^(COUNTIF(Q$4:Q5,Q6)-COUNTIF(Q$4:Q5,""Sell_""&Q6))))))"),500.0) -> 500 | V6: =IF(COUNTA(Q6:Q1645)=0,"",U6+IF(V5<0,V5)) -> 500 | W6: =IF(COUNTA(Q6:Q1645)=0,"",W5+IF(V6>0,V6,0)/T5) -> 51.00495 | X6: =IF(COUNTA(Q6:Q1645)=0,"",IF(W6>3600,TRUNC(W6/3600)&"h ","")&IF(W6>59,IF(AND(W6>3599,QUOTIENT(MOD(W6,3600),60)<10),"0","")&QUOTIENT(MOD(W6,3600),60)&"m ","")&IF(AND(W6>=10,MOD(W6,60)<10),"0","")&ROUNDDOWN(MOD(W6,60),0)&"s") -> 51s | Y6: =IF(COUNTA(Q6:Q1645)=0,"",Y5+IF(V6>0,V6,0)) -> 515
B7: =IF(COUNTA(C7:C1646)=0,"",COUNTIF(C$4:C7,C7)-COUNTIF(C$4:C7,"Sell_"&C7)) -> 2 | C7: Cursor | D7: =IFERROR(__xludf.DUMMYFUNCTION("IF(COUNTA(C7:C1644)=0,"""",IF(ISBLANK(C7),FALSE,IF(NOT(COUNTIF($AA$24:$AA$34,SUBSTITUTE(C7,""Sell_"",""""))),1,IF(REGEXMATCH(C7,""Sell_""),IF(COUNTIF(C$4:C7,SUBSTITUTE(C7,""Sell_"",""""))-COUNTIF(C$4:C6,C7)<1,1),FALSE))))"),FALSE) -> FALSE | E7: {=IF(COUNTA(C7:C1644)=0,"",SUM((COUNTIF(C$4:C7,Upgrades!$B$3:$B$13)-COUNTIF(C$4:C7,"Sell_"&Upgrades!$B$3:$B$13))*Upgrades!$D$3:$D$13))} -> 4.2 | F7: =IFERROR(__xludf.DUMMYFUNCTION("IF(COUNTA(C7:C1644)=0,"""",IF(REGEXMATCH(INDEX(FILTER(C$4:C7,C$4:C7<>""""),ROWS(FILTER(C$4:C7,C$4:C7<>""""))),""^Sell_""),INDEX(FILTER(F$4:F6,C$4:C6<>""""),ROWS(FILTER(C$4:C6,C$4:C6<>""""))),$AC$5+E7))"),14.2) -> 14.2 | G7: =IFERROR(__xludf.DUMMYFUNCTION("IF(COUNTA(C7:C1644)=0,"""",IF(C7="""",0,IF(REGEXMATCH(C7,""^Sell_""),-ROUNDDOWN(ROUNDUP(INDEX(Upgrades!$C$3:$C$13,MATCH(SUBSTITUTE(C7,""Sell_"",""""),Upgrades!$B$3:$B$13,0))*1.15^(COUNTIF(C$4:C6,SUBSTITUTE(C7,""Sell_"",""""))-COUNTIF(C$4:C6,""Sell_""&SUBS"&"TITUTE(C7,""Sell_"",""""))))/2),ROUNDUP(INDEX(Upgrades!$C$3:$C$13,MATCH(C7,Upgrades!$B$3:$B$13,0))*1.15^(COUNTIF(C$4:C6,C7)-COUNTIF(C$4:C6,""Sell_""&C7))))))"),18.0) -> 18 | H7: =IF(COUNTA(C7:C1646)=0,"",G7+IF(H6<0,H6)) -> 18 | I7: =IF(COUNTA(C7:C1646)=0,"",I6+IF(H7>0,H7,0)/F6) -> 52.281546 | J7: =IF(COUNTA(C7:C1646)=0,"",IF(I7>3600,TRUNC(I7/3600)&"h ","")&IF(I7>59,IF(AND(I7>3599,QUOTIENT(MOD(I7,3600),60)<10),"0","")&QUOTIENT(MOD(I7,3600),60)&"m ","")&IF(AND(I7>=10,MOD(I7,60)<10),"0","")&ROUNDDOWN(MOD(I7,60),0)&"s") -> 52s | K7: =IF(COUNTA(C7:C1646)=0,"",K6+IF(H7>0,H7,0)) -> 533 | L7: =IFS(AND(COUNTA(C7:C1646)=0,COUNTA(Q7:Q1646)=0),"",OR(AND(K7>=1000000000,OR(Y7>=1000000000,COUNTA(Q7:Q1646)=0)),OR(Y7>=1000000000,AND(COUNTA(C7:C1646)=0,P$3=TRUE))),AF$1, AND(K7<1000000000,COUNTA(C7:C1646)>0,P$3=FALSE),TRUNC(LARGE(W$4:W1646,COUNTIF(Y$4:Y1646,">"&K7)+1)+(K7-LARGE(Y$4:Y1646,COUNTIF(Y$4:Y1646,">"&K7)+1))/LARGE(T$4:T1646,COUNTIF(Y$4:Y1646,">"&K7)+1)-I7,5),1, TRUNC(W7-LARGE(I$4:I1646,COUNTIF(K$4:K1646,">"&Y7)+1)-(Y7-LARGE(K$4:K1646,COUNTIF(K$4:K1646,">"&Y7)+1))/LARGE(F$4:F1646,COUNTIF(K$4:K1646,">"&Y7)+1),5)) -> 0 | M7: =IFERROR(__xludf.DUMMYFUNCTION("IFS(AND(COUNTA(C7:C1644)=0,COUNTA(Q7:Q1644)=0),"""",OR(AND(K7>=1000000000,OR(Y7>=1000000000,COUNTA(Q7:Q1644)=0)),OR(Y7>=1000000000,AND(COUNTA(C7:C1644)=0,P$3=TRUE))), ROUNDDOWN((AB$1-AC$1)*MAX(INDEX(T$4:T1644,MATCH(LARGE(FILTER(Y$4:Y1644,Y$4:Y1644<1000000"&"000),1),Y$4:Y1644)),INDEX(F$4:F1644,MATCH(LARGE(FILTER(K$4:K1644,K$4:K1644<1000000000),1),K$4:K1644)))),AND(K7<1000000000,COUNTA(C7:C1644)>0,P$3=FALSE), ROUNDDOWN(INDEX(Y$4:Y1644,MATCH(LARGE(FILTER(W$4:W1644,W$4:W1644<=I7),1),W$4:W1644))+(I7-LARGE(FILTER("&"W$4:W1644,W$4:W1644<=I7),1))*INDEX(T$4:T1644,MATCH(LARGE(FILTER(W$4:W1644,W$4:W1644<=I7),1),W$4:W1644))-K7),1, ROUNDDOWN(Y7-INDEX(K$4:K1644,MATCH(LARGE(FILTER(I$4:I1644,I$4:I1644<=W7),1),I$4:I1644))-(W7-LARGE(FILTER(I$4:I1644,I$4:I1644<=W7),1))*INDEX(F$4:"&"F1644,MATCH(LARGE(FILTER(I$4:I1644,I$4:I1644<=W7),1),I$4:I1644))))"),0.0) -> 0 | N7: =IF(ABS(L7)>=10000,TEXT(ROUND(L7,1),"#.#")&IF(RIGHT(TEXT(ROUND(L7,1),"#.#"))=",","0",""),L7) -> 0 | O7: =IF(ABS(M7)<1000000,M7,IF(ABS(M7)<1000000000,TEXT(ROUND(M7/1000000,1),"#.#")&IF(RIGHT(TEXT(ROUND(M7/1000000,1),"#.#"))=",","0","")&"M",TEXT(ROUND(M7/1000000000,1),"#.#")&IF(RIGHT(TEXT(ROUND(M7/1000000000,1),"#.#"))=",","0","")&"B")) -> 0 | P7: =IF(COUNTA(Q7:Q1646)=0,"",COUNTIF(Q$4:Q7,Q7)-COUNTIF(Q$4:Q7,"Sell_"&Q7)) -> 2 | Q7: Cursor | R7: =IFERROR(__xludf.DUMMYFUNCTION("IF(COUNTA(Q7:Q1644)=0,"""",IF(ISBLANK(Q7),FALSE,IF(NOT(COUNTIF($AA$24:$AA$34,SUBSTITUTE(Q7,""Sell_"",""""))),1,IF(REGEXMATCH(Q7,""Sell_""),IF(COUNTIF(Q$4:Q7,SUBSTITUTE(Q7,""Sell_"",""""))-COUNTIF(Q$4:Q6,Q7)<1,1),FALSE))))"),FALSE) -> FALSE | S7: {=IF(COUNTA(Q7:Q1644)=0,"",SUM((COUNTIF(Q$4:Q7,Upgrades!$B$3:$B$13)-COUNTIF(Q$4:Q7,"Sell_"&Upgrades!$B$3:$B$13))*Upgrades!$D$3:$D$13))} -> 4.2 | T7: =IFERROR(__xludf.DUMMYFUNCTION("IF(COUNTA(Q7:Q1644)=0,"""",IF(REGEXMATCH(INDEX(FILTER(Q$4:Q7,Q$4:Q7<>""""),ROWS(FILTER(Q$4:Q7,Q$4:Q7<>""""))),""^Sell_""),INDEX(FILTER(T$4:T6,Q$4:Q6<>""""),ROWS(FILTER(Q$4:Q6,Q$4:Q6<>""""))),$AD$5+S7))"),14.2) -> 14.2 | U7: =IFERROR(__xludf.DUMMYFUNCTION("IF(COUNTA(Q7:Q1644)=0,"""",IF(Q7="""",0,IF(REGEXMATCH(Q7,""^Sell_""),-ROUNDDOWN(ROUNDUP(INDEX(Upgrades!$C$3:$C$13,MATCH(SUBSTITUTE(Q7,""Sell_"",""""),Upgrades!$B$3:$B$13,0))*1.15^(COUNTIF(Q$4:Q6,SUBSTITUTE(Q7,""Sell_"",""""))-COUNTIF(Q$4:Q6,""Sell_""&SUBS"&"TITUTE(Q7,""Sell_"",""""))))/2),ROUNDUP(INDEX(Upgrades!$C$3:$C$13,MATCH(Q7,Upgrades!$B$3:$B$13,0))*1.15^(COUNTIF(Q$4:Q6,Q7)-COUNTIF(Q$4:Q6,""Sell_""&Q7))))))"),18.0) -> 18 | V7: =IF(COUNTA(Q7:Q1646)=0,"",U7+IF(V6<0,V6)) -> 18 | W7: =IF(COUNTA(Q7:Q1646)=0,"",W6+IF(V7>0,V7,0)/T6) -> 52.281546 | X7: =IF(COUNTA(Q7:Q1646)=0,"",IF(W7>3600,TRUNC(W7/3600)&"h ","")&IF(W7>59,IF(AND(W7>3599,QUOTIENT(MOD(W7,3600),60)<10),"0","")&QUOTIENT(MOD(W7,3600),60)&"m ","")&IF(AND(W7>=10,MOD(W7,60)<10),"0","")&ROUNDDOWN(MOD(W7,60),0)&"s") -> 52s | Y7: =IF(COUNTA(Q7:Q1646)=0,"",Y6+IF(V7>0,V7,0)) -> 533 | AA7: Did you find a better route? | AC7: =IF(AF1<0,"YES","NO") -> YES
B8: =IF(COUNTA(C8:C1647)=0,"",COUNTIF(C$4:C8,C8)-COUNTIF(C$4:C8,"Sell_"&C8)) -> 2 | C8: Farm | D8: =IFERROR(__xludf.DUMMYFUNCTION("IF(COUNTA(C8:C1644)=0,"""",IF(ISBLANK(C8),FALSE,IF(NOT(COUNTIF($AA$24:$AA$34,SUBSTITUTE(C8,""Sell_"",""""))),1,IF(REGEXMATCH(C8,""Sell_""),IF(COUNTIF(C$4:C8,SUBSTITUTE(C8,""Sell_"",""""))-COUNTIF(C$4:C7,C8)<1,1),FALSE))))"),FALSE) -> FALSE | E8: {=IF(COUNTA(C8:C1644)=0,"",SUM((COUNTIF(C$4:C8,Upgrades!$B$3:$B$13)-COUNTIF(C$4:C8,"Sell_"&Upgrades!$B$3:$B$13))*Upgrades!$D$3:$D$13))} -> 8.2 | F8: =IFERROR(__xludf.DUMMYFUNCTION("IF(COUNTA(C8:C1644)=0,"""",IF(REGEXMATCH(INDEX(FILTER(C$4:C8,C$4:C8<>""""),ROWS(FILTER(C$4:C8,C$4:C8<>""""))),""^Sell_""),INDEX(FILTER(F$4:F7,C$4:C7<>""""),ROWS(FILTER(C$4:C7,C$4:C7<>""""))),$AC$5+E8))"),18.2) -> 18.2 | G8: =IFERROR(__xludf.DUMMYFUNCTION("IF(COUNTA(C8:C1644)=0,"""",IF(C8="""",0,IF(REGEXMATCH(C8,""^Sell_""),-ROUNDDOWN(ROUNDUP(INDEX(Upgrades!$C$3:$C$13,MATCH(SUBSTITUTE(C8,""Sell_"",""""),Upgrades!$B$3:$B$13,0))*1.15^(COUNTIF(C$4:C7,SUBSTITUTE(C8,""Sell_"",""""))-COUNTIF(C$4:C7,""Sell_""&SUBS"&"TITUTE(C8,""Sell_"",""""))))/2),ROUNDUP(INDEX(Upgrades!$C$3:$C$13,MATCH(C8,Upgrades!$B$3:$B$13,0))*1.15^(COUNTIF(C$4:C7,C8)-COUNTIF(C$4:C7,""Sell_""&C8))))))"),575.0) -> 575 | H8: =IF(COUNTA(C8:C1647)=0,"",G8+IF(H7<0,H7)) -> 575 | I8: =IF(COUNTA(C8:C1647)=0,"",I7+IF(H8>0,H8,0)/F7) -> 92.774504 | J8: =IF(COUNTA(C8:C1647)=0,"",IF(I8>3600,TRUNC(I8/3600)&"h ","")&IF(I8>59,IF(AND(I8>3599,QUOTIENT(MOD(I8,3600),60)<10),"0","")&QUOTIENT(MOD(I8,3600),60)&"m ","")&IF(AND(I8>=10,MOD(I8,60)<10),"0","")&ROUNDDOWN(MOD(I8,60),0)&"s") -> 1m 32s | K8: =IF(COUNTA(C8:C1647)=0,"",K7+IF(H8>0,H8,0)) -> 1108 | L8: =IFS(AND(COUNTA(C8:C1647)=0,COUNTA(Q8:Q1647)=0),"",OR(AND(K8>=1000000000,OR(Y8>=1000000000,COUNTA(Q8:Q1647)=0)),OR(Y8>=1000000000,AND(COUNTA(C8:C1647)=0,P$3=TRUE))),AF$1, AND(K8<1000000000,COUNTA(C8:C1647)>0,P$3=FALSE),TRUNC(LARGE(W$4:W1647,COUNTIF(Y$4:Y1647,">"&K8)+1)+(K8-LARGE(Y$4:Y1647,COUNTIF(Y$4:Y1647,">"&K8)+1))/LARGE(T$4:T1647,COUNTIF(Y$4:Y1647,">"&K8)+1)-I8,5),1, TRUNC(W8-LARGE(I$4:I1647,COUNTIF(K$4:K1647,">"&Y8)+1)-(Y8-LARGE(K$4:K1647,COUNTIF(K$4:K1647,">"&Y8)+1))/LARGE(F$4:F1647,COUNTIF(K$4:K1647,">"&Y8)+1),5)) -> 0 | M8: =IFERROR(__xludf.DUMMYFUNCTION("IFS(AND(COUNTA(C8:C1644)=0,COUNTA(Q8:Q1644)=0),"""",OR(AND(K8>=1000000000,OR(Y8>=1000000000,COUNTA(Q8:Q1644)=0)),OR(Y8>=1000000000,AND(COUNTA(C8:C1644)=0,P$3=TRUE))), ROUNDDOWN((AB$1-AC$1)*MAX(INDEX(T$4:T1644,MATCH(LARGE(FILTER(Y$4:Y1644,Y$4:Y1644<1000000"&"000),1),Y$4:Y1644)),INDEX(F$4:F1644,MATCH(LARGE(FILTER(K$4:K1644,K$4:K1644<1000000000),1),K$4:K1644)))),AND(K8<1000000000,COUNTA(C8:C1644)>0,P$3=FALSE), ROUNDDOWN(INDEX(Y$4:Y1644,MATCH(LARGE(FILTER(W$4:W1644,W$4:W1644<=I8),1),W$4:W1644))+(I8-LARGE(FILTER("&"W$4:W1644,W$4:W1644<=I8),1))*INDEX(T$4:T1644,MATCH(LARGE(FILTER(W$4:W1644,W$4:W1644<=I8),1),W$4:W1644))-K8),1, ROUNDDOWN(Y8-INDEX(K$4:K1644,MATCH(LARGE(FILTER(I$4:I1644,I$4:I1644<=W8),1),I$4:I1644))-(W8-LARGE(FILTER(I$4:I1644,I$4:I1644<=W8),1))*INDEX(F$4:"&"F1644,MATCH(LARGE(FILTER(I$4:I1644,I$4:I1644<=W8),1),I$4:I1644))))"),0.0) -> 0 | N8: =IF(ABS(L8)>=10000,TEXT(ROUND(L8,1),"#.#")&IF(RIGHT(TEXT(ROUND(L8,1),"#.#"))=",","0",""),L8) -> 0 | O8: =IF(ABS(M8)<1000000,M8,IF(ABS(M8)<1000000000,TEXT(ROUND(M8/1000000,1),"#.#")&IF(RIGHT(TEXT(ROUND(M8/1000000,1),"#.#"))=",","0","")&"M",TEXT(ROUND(M8/1000000000,1),"#.#")&IF(RIGHT(TEXT(ROUND(M8/1000000000,1),"#.#"))=",","0","")&"B")) -> 0 | P8: =IF(COUNTA(Q8:Q1647)=0,"",COUNTIF(Q$4:Q8,Q8)-COUNTIF(Q$4:Q8,"Sell_"&Q8)) -> 2 | Q8: Farm | R8: =IFERROR(__xludf.DUMMYFUNCTION("IF(COUNTA(Q8:Q1644)=0,"""",IF(ISBLANK(Q8),FALSE,IF(NOT(COUNTIF($AA$24:$AA$34,SUBSTITUTE(Q8,""Sell_"",""""))),1,IF(REGEXMATCH(Q8,""Sell_""),IF(COUNTIF(Q$4:Q8,SUBSTITUTE(Q8,""Sell_"",""""))-COUNTIF(Q$4:Q7,Q8)<1,1),FALSE))))"),FALSE) -> FALSE | S8: {=IF(COUNTA(Q8:Q1644)=0,"",SUM((COUNTIF(Q$4:Q8,Upgrades!$B$3:$B$13)-COUNTIF(Q$4:Q8,"Sell_"&Upgrades!$B$3:$B$13))*Upgrades!$D$3:$D$13))} -> 8.2 | T8: =IFERROR(__xludf.DUMMYFUNCTION("IF(COUNTA(Q8:Q1644)=0,"""",IF(REGEXMATCH(INDEX(FILTER(Q$4:Q8,Q$4:Q8<>""""),ROWS(FILTER(Q$4:Q8,Q$4:Q8<>""""))),""^Sell_""),INDEX(FILTER(T$4:T7,Q$4:Q7<>""""),ROWS(FILTER(Q$4:Q7,Q$4:Q7<>""""))),$AD$5+S8))"),18.2) -> 18.2 | U8: =IFERROR(__xludf.DUMMYFUNCTION("IF(COUNTA(Q8:Q1644)=0,"""",IF(Q8="""",0,IF(REGEXMATCH(Q8,""^Sell_""),-ROUNDDOWN(ROUNDUP(INDEX(Upgrades!$C$3:$C$13,MATCH(SUBSTITUTE(Q8,""Sell_"",""""),Upgrades!$B$3:$B$13,0))*1.15^(COUNTIF(Q$4:Q7,SUBSTITUTE(Q8,""Sell_"",""""))-COUNTIF(Q$4:Q7,""Sell_""&SUBS"&"TITUTE(Q8,""Sell_"",""""))))/2),ROUNDUP(INDEX(Upgrades!$C$3:$C$13,MATCH(Q8,Upgrades!$B$3:$B$13,0))*1.15^(COUNTIF(Q$4:Q7,Q8)-COUNTIF(Q$4:Q7,""Sell_""&Q8))))))"),575.0) -> 575 | V8: =IF(COUNTA(Q8:Q1647)=0,"",U8+IF(V7<0,V7)) -> 575 | W8: =IF(COUNTA(Q8:Q1647)=0,"",W7+IF(V8>0,V8,0)/T7) -> 92.774504 | X8: =IF(COUNTA(Q8:Q1647)=0,"",IF(W8>3600,TRUNC(W8/3600)&"h ","")&IF(W8>59,IF(AND(W8>3599,QUOTIENT(MOD(W8,3600),60)<10),"0","")&QUOTIENT(MOD(W8,3600),60)&"m ","")&IF(AND(W8>=10,MOD(W8,60)<10),"0","")&ROUNDDOWN(MOD(W8,60),0)&"s") -> 1m 32s | Y8: =IF(COUNTA(Q8:Q1647)=0,"",Y7+IF(V8>0,V8,0)) -> 1108
B9: =IF(COUNTA(C9:C1648)=0,"",COUNTIF(C$4:C9,C9)-COUNTIF(C$4:C9,"Sell_"&C9)) -> 3 | C9: Cursor | D9: =IFERROR(__xludf.DUMMYFUNCTION("IF(COUNTA(C9:C1644)=0,"""",IF(ISBLANK(C9),FALSE,IF(NOT(COUNTIF($AA$24:$AA$34,SUBSTITUTE(C9,""Sell_"",""""))),1,IF(REGEXMATCH(C9,""Sell_""),IF(COUNTIF(C$4:C9,SUBSTITUTE(C9,""Sell_"",""""))-COUNTIF(C$4:C8,C9)<1,1),FALSE))))"),FALSE) -> FALSE | E9: {=IF(COUNTA(C9:C1644)=0,"",SUM((COUNTIF(C$4:C9,Upgrades!$B$3:$B$13)-COUNTIF(C$4:C9,"Sell_"&Upgrades!$B$3:$B$13))*Upgrades!$D$3:$D$13))} -> 8.3 | F9: =IFERROR(__xludf.DUMMYFUNCTION("IF(COUNTA(C9:C1644)=0,"""",IF(REGEXMATCH(INDEX(FILTER(C$4:C9,C$4:C9<>""""),ROWS(FILTER(C$4:C9,C$4:C9<>""""))),""^Sell_""),INDEX(FILTER(F$4:F8,C$4:C8<>""""),ROWS(FILTER(C$4:C8,C$4:C8<>""""))),$AC$5+E9))"),18.3) -> 18.3 | G9: =IFERROR(__xludf.DUMMYFUNCTION("IF(COUNTA(C9:C1644)=0,"""",IF(C9="""",0,IF(REGEXMATCH(C9,""^Sell_""),-ROUNDDOWN(ROUNDUP(INDEX(Upgrades!$C$3:$C$13,MATCH(SUBSTITUTE(C9,""Sell_"",""""),Upgrades!$B$3:$B$13,0))*1.15^(COUNTIF(C$4:C8,SUBSTITUTE(C9,""Sell_"",""""))-COUNTIF(C$4:C8,""Sell_""&SUBS"&"TITUTE(C9,""Sell_"",""""))))/2),ROUNDUP(INDEX(Upgrades!$C$3:$C$13,MATCH(C9,Upgrades!$B$3:$B$13,0))*1.15^(COUNTIF(C$4:C8,C9)-COUNTIF(C$4:C8,""Sell_""&C9))))))"),20.0) -> 20 | H9: =IF(COUNTA(C9:C1648)=0,"",G9+IF(H8<0,H8)) -> 20 | I9: =IF(COUNTA(C9:C1648)=0,"",I8+IF(H9>0,H9,0)/F8) -> 93.873405 | J9: =IF(COUNTA(C9:C1648)=0,"",IF(I9>3600,TRUNC(I9/3600)&"h ","")&IF(I9>59,IF(AND(I9>3599,QUOTIENT(MOD(I9,3600),60)<10),"0","")&QUOTIENT(MOD(I9,3600),60)&"m ","")&IF(AND(I9>=10,MOD(I9,60)<10),"0","")&ROUNDDOWN(MOD(I9,60),0)&"s") -> 1m 33s | K9: =IF(COUNTA(C9:C1648)=0,"",K8+IF(H9>0,H9,0)) -> 1128 | L9: =IFS(AND(COUNTA(C9:C1648)=0,COUNTA(Q9:Q1648)=0),"",OR(AND(K9>=1000000000,OR(Y9>=1000000000,COUNTA(Q9:Q1648)=0)),OR(Y9>=1000000000,AND(COUNTA(C9:C1648)=0,P$3=TRUE))),AF$1, AND(K9<1000000000,COUNTA(C9:C1648)>0,P$3=FALSE),TRUNC(LARGE(W$4:W1648,COUNTIF(Y$4:Y1648,">"&K9)+1)+(K9-LARGE(Y$4:Y1648,COUNTIF(Y$4:Y1648,">"&K9)+1))/LARGE(T$4:T1648,COUNTIF(Y$4:Y1648,">"&K9)+1)-I9,5),1, TRUNC(W9-LARGE(I$4:I1648,COUNTIF(K$4:K1648,">"&Y9)+1)-(Y9-LARGE(K$4:K1648,COUNTIF(K$4:K1648,">"&Y9)+1))/LARGE(F$4:F1648,COUNTIF(K$4:K1648,">"&Y9)+1),5)) -> 0 | M9: =IFERROR(__xludf.DUMMYFUNCTION("IFS(AND(COUNTA(C9:C1644)=0,COUNTA(Q9:Q1644)=0),"""",OR(AND(K9>=1000000000,OR(Y9>=1000000000,COUNTA(Q9:Q1644)=0)),OR(Y9>=1000000000,AND(COUNTA(C9:C1644)=0,P$3=TRUE))), ROUNDDOWN((AB$1-AC$1)*MAX(INDEX(T$4:T1644,MATCH(LARGE(FILTER(Y$4:Y1644,Y$4:Y1644<1000000"&"000),1),Y$4:Y1644)),INDEX(F$4:F1644,MATCH(LARGE(FILTER(K$4:K1644,K$4:K1644<1000000000),1),K$4:K1644)))),AND(K9<1000000000,COUNTA(C9:C1644)>0,P$3=FALSE), ROUNDDOWN(INDEX(Y$4:Y1644,MATCH(LARGE(FILTER(W$4:W1644,W$4:W1644<=I9),1),W$4:W1644))+(I9-LARGE(FILTER("&"W$4:W1644,W$4:W1644<=I9),1))*INDEX(T$4:T1644,MATCH(LARGE(FILTER(W$4:W1644,W$4:W1644<=I9),1),W$4:W1644))-K9),1, ROUNDDOWN(Y9-INDEX(K$4:K1644,MATCH(LARGE(FILTER(I$4:I1644,I$4:I1644<=W9),1),I$4:I1644))-(W9-LARGE(FILTER(I$4:I1644,I$4:I1644<=W9),1))*INDEX(F$4:"&"F1644,MATCH(LARGE(FILTER(I$4:I1644,I$4:I1644<=W9),1),I$4:I1644))))"),0.0) -> 0 | N9: =IF(ABS(L9)>=10000,TEXT(ROUND(L9,1),"#.#")&IF(RIGHT(TEXT(ROUND(L9,1),"#.#"))=",","0",""),L9) -> 0 | O9: =IF(ABS(M9)<1000000,M9,IF(ABS(M9)<1000000000,TEXT(ROUND(M9/1000000,1),"#.#")&IF(RIGHT(TEXT(ROUND(M9/1000000,1),"#.#"))=",","0","")&"M",TEXT(ROUND(M9/1000000000,1),"#.#")&IF(RIGHT(TEXT(ROUND(M9/1000000000,1),"#.#"))=",","0","")&"B")) -> 0 | P9: =IF(COUNTA(Q9:Q1648)=0,"",COUNTIF(Q$4:Q9,Q9)-COUNTIF(Q$4:Q9,"Sell_"&Q9)) -> 3 | Q9: Cursor | R9: =IFERROR(__xludf.DUMMYFUNCTION("IF(COUNTA(Q9:Q1644)=0,"""",IF(ISBLANK(Q9),FALSE,IF(NOT(COUNTIF($AA$24:$AA$34,SUBSTITUTE(Q9,""Sell_"",""""))),1,IF(REGEXMATCH(Q9,""Sell_""),IF(COUNTIF(Q$4:Q9,SUBSTITUTE(Q9,""Sell_"",""""))-COUNTIF(Q$4:Q8,Q9)<1,1),FALSE))))"),FALSE) -> FALSE | S9: {=IF(COUNTA(Q9:Q1644)=0,"",SUM((COUNTIF(Q$4:Q9,Upgrades!$B$3:$B$13)-COUNTIF(Q$4:Q9,"Sell_"&Upgrades!$B$3:$B$13))*Upgrades!$D$3:$D$13))} -> 8.3 | T9: =IFERROR(__xludf.DUMMYFUNCTION("IF(COUNTA(Q9:Q1644)=0,"""",IF(REGEXMATCH(INDEX(FILTER(Q$4:Q9,Q$4:Q9<>""""),ROWS(FILTER(Q$4:Q9,Q$4:Q9<>""""))),""^Sell_""),INDEX(FILTER(T$4:T8,Q$4:Q8<>""""),ROWS(FILTER(Q$4:Q8,Q$4:Q8<>""""))),$AD$5+S9))"),18.3) -> 18.3 | U9: =IFERROR(__xludf.DUMMYFUNCTION("IF(COUNTA(Q9:Q1644)=0,"""",IF(Q9="""",0,IF(REGEXMATCH(Q9,""^Sell_""),-ROUNDDOWN(ROUNDUP(INDEX(Upgrades!$C$3:$C$13,MATCH(SUBSTITUTE(Q9,""Sell_"",""""),Upgrades!$B$3:$B$13,0))*1.15^(COUNTIF(Q$4:Q8,SUBSTITUTE(Q9,""Sell_"",""""))-COUNTIF(Q$4:Q8,""Sell_""&SUBS"&"TITUTE(Q9,""Sell_"",""""))))/2),ROUNDUP(INDEX(Upgrades!$C$3:$C$13,MATCH(Q9,Upgrades!$B$3:$B$13,0))*1.15^(COUNTIF(Q$4:Q8,Q9)-COUNTIF(Q$4:Q8,""Sell_""&Q9))))))"),20.0) -> 20 | V9: =IF(COUNTA(Q9:Q1648)=0,"",U9+IF(V8<0,V8)) -> 20 | W9: =IF(COUNTA(Q9:Q1648)=0,"",W8+IF(V9>0,V9,0)/T8) -> 93.873405 | X9: =IF(COUNTA(Q9:Q1648)=0,"",IF(W9>3600,TRUNC(W9/3600)&"h ","")&IF(W9>59,IF(AND(W9>3599,QUOTIENT(MOD(W9,3600),60)<10),"0","")&QUOTIENT(MOD(W9,3600),60)&"m ","")&IF(AND(W9>=10,MOD(W9,60)<10),"0","")&ROUNDDOWN(MOD(W9,60),0)&"s") -> 1m 33s | Y9: =IF(COUNTA(Q9:Q1648)=0,"",Y8+IF(V9>0,V9,0)) -> 1128 | AA9: INSTRUCTIONS: Create a copy of the spreadsheet.
B10: =IF(COUNTA(C10:C1649)=0,"",COUNTIF(C$4:C10,C10)-COUNTIF(C$4:C10,"Sell_"&C10)) -> 3 | C10: Farm | D10: =IFERROR(__xludf.DUMMYFUNCTION("IF(COUNTA(C10:C1644)=0,"""",IF(ISBLANK(C10),FALSE,IF(NOT(COUNTIF($AA$24:$AA$34,SUBSTITUTE(C10,""Sell_"",""""))),1,IF(REGEXMATCH(C10,""Sell_""),IF(COUNTIF(C$4:C10,SUBSTITUTE(C10,""Sell_"",""""))-COUNTIF(C$4:C9,C10)<1,1),FALSE))))"),FALSE) -> FALSE | E10: {=IF(COUNTA(C10:C1644)=0,"",SUM((COUNTIF(C$4:C10,Upgrades!$B$3:$B$13)-COUNTIF(C$4:C10,"Sell_"&Upgrades!$B$3:$B$13))*Upgrades!$D$3:$D$13))} -> 12.3 | F10: =IFERROR(__xludf.DUMMYFUNCTION("IF(COUNTA(C10:C1644)=0,"""",IF(REGEXMATCH(INDEX(FILTER(C$4:C10,C$4:C10<>""""),ROWS(FILTER(C$4:C10,C$4:C10<>""""))),""^Sell_""),INDEX(FILTER(F$4:F9,C$4:C9<>""""),ROWS(FILTER(C$4:C9,C$4:C9<>""""))),$AC$5+E10))"),22.3) -> 22.3 | G10: =IFERROR(__xludf.DUMMYFUNCTION("IF(COUNTA(C10:C1644)=0,"""",IF(C10="""",0,IF(REGEXMATCH(C10,""^Sell_""),-ROUNDDOWN(ROUNDUP(INDEX(Upgrades!$C$3:$C$13,MATCH(SUBSTITUTE(C10,""Sell_"",""""),Upgrades!$B$3:$B$13,0))*1.15^(COUNTIF(C$4:C9,SUBSTITUTE(C10,""Sell_"",""""))-COUNTIF(C$4:C9,""Sell_"""&"&SUBSTITUTE(C10,""Sell_"",""""))))/2),ROUNDUP(INDEX(Upgrades!$C$3:$C$13,MATCH(C10,Upgrades!$B$3:$B$13,0))*1.15^(COUNTIF(C$4:C9,C10)-COUNTIF(C$4:C9,""Sell_""&C10))))))"),662.0) -> 662 | H10: =IF(COUNTA(C10:C1649)=0,"",G10+IF(H9<0,H9)) -> 662 | I10: =IF(COUNTA(C10:C1649)=0,"",I9+IF(H10>0,H10,0)/F9) -> 130.04827 | J10: =IF(COUNTA(C10:C1649)=0,"",IF(I10>3600,TRUNC(I10/3600)&"h ","")&IF(I10>59,IF(AND(I10>3599,QUOTIENT(MOD(I10,3600),60)<10),"0","")&QUOTIENT(MOD(I10,3600),60)&"m ","")&IF(AND(I10>=10,MOD(I10,60)<10),"0","")&ROUNDDOWN(MOD(I10,60),0)&"s") -> 2m 10s | K10: =IF(COUNTA(C10:C1649)=0,"",K9+IF(H10>0,H10,0)) -> 1790 | L10: =IFS(AND(COUNTA(C10:C1649)=0,COUNTA(Q10:Q1649)=0),"",OR(AND(K10>=1000000000,OR(Y10>=1000000000,COUNTA(Q10:Q1649)=0)),OR(Y10>=1000000000,AND(COUNTA(C10:C1649)=0,P$3=TRUE))),AF$1, AND(K10<1000000000,COUNTA(C10:C1649)>0,P$3=FALSE),TRUNC(LARGE(W$4:W1649,COUNTIF(Y$4:Y1649,">"&K10)+1)+(K10-LARGE(Y$4:Y1649,COUNTIF(Y$4:Y1649,">"&K10)+1))/LARGE(T$4:T1649,COUNTIF(Y$4:Y1649,">"&K10)+1)-I10,5),1, TRUNC(W10-LARGE(I$4:I1649,COUNTIF(K$4:K1649,">"&Y10)+1)-(Y10-LARGE(K$4:K1649,COUNTIF(K$4:K1649,">"&Y10)+1))/LARGE(F$4:F1649,COUNTIF(K$4:K1649,">"&Y10)+1),5)) -> 0 | M10: =IFERROR(__xludf.DUMMYFUNCTION("IFS(AND(COUNTA(C10:C1644)=0,COUNTA(Q10:Q1644)=0),"""",OR(AND(K10>=1000000000,OR(Y10>=1000000000,COUNTA(Q10:Q1644)=0)),OR(Y10>=1000000000,AND(COUNTA(C10:C1644)=0,P$3=TRUE))), ROUNDDOWN((AB$1-AC$1)*MAX(INDEX(T$4:T1644,MATCH(LARGE(FILTER(Y$4:Y1644,Y$4:Y1644<"&"1000000000),1),Y$4:Y1644)),INDEX(F$4:F1644,MATCH(LARGE(FILTER(K$4:K1644,K$4:K1644<1000000000),1),K$4:K1644)))),AND(K10<1000000000,COUNTA(C10:C1644)>0,P$3=FALSE), ROUNDDOWN(INDEX(Y$4:Y1644,MATCH(LARGE(FILTER(W$4:W1644,W$4:W1644<=I10),1),W$4:W1644))+(I10-LA"&"RGE(FILTER(W$4:W1644,W$4:W1644<=I10),1))*INDEX(T$4:T1644,MATCH(LARGE(FILTER(W$4:W1644,W$4:W1644<=I10),1),W$4:W1644))-K10),1, ROUNDDOWN(Y10-INDEX(K$4:K1644,MATCH(LARGE(FILTER(I$4:I1644,I$4:I1644<=W10),1),I$4:I1644))-(W10-LARGE(FILTER(I$4:I1644,I$4:I1644<=W"&"10),1))*INDEX(F$4:F1644,MATCH(LARGE(FILTER(I$4:I1644,I$4:I1644<=W10),1),I$4:I1644))))"),0.0) -> 0 | N10: =IF(ABS(L10)>=10000,TEXT(ROUND(L10,1),"#.#")&IF(RIGHT(TEXT(ROUND(L10,1),"#.#"))=",","0",""),L10) -> 0 | O10: =IF(ABS(M10)<1000000,M10,IF(ABS(M10)<1000000000,TEXT(ROUND(M10/1000000,1),"#.#")&IF(RIGHT(TEXT(ROUND(M10/1000000,1),"#.#"))=",","0","")&"M",TEXT(ROUND(M10/1000000000,1),"#.#")&IF(RIGHT(TEXT(ROUND(M10/1000000000,1),"#.#"))=",","0","")&"B")) -> 0 | P10: =IF(COUNTA(Q10:Q1649)=0,"",COUNTIF(Q$4:Q10,Q10)-COUNTIF(Q$4:Q10,"Sell_"&Q10)) -> 3 | Q10: Farm | R10: =IFERROR(__xludf.DUMMYFUNCTION("IF(COUNTA(Q10:Q1644)=0,"""",IF(ISBLANK(Q10),FALSE,IF(NOT(COUNTIF($AA$24:$AA$34,SUBSTITUTE(Q10,""Sell_"",""""))),1,IF(REGEXMATCH(Q10,""Sell_""),IF(COUNTIF(Q$4:Q10,SUBSTITUTE(Q10,""Sell_"",""""))-COUNTIF(Q$4:Q9,Q10)<1,1),FALSE))))"),FALSE) -> FALSE | S10: {=IF(COUNTA(Q10:Q1644)=0,"",SUM((COUNTIF(Q$4:Q10,Upgrades!$B$3:$B$13)-COUNTIF(Q$4:Q10,"Sell_"&Upgrades!$B$3:$B$13))*Upgrades!$D$3:$D$13))} -> 12.3 | T10: =IFERROR(__xludf.DUMMYFUNCTION("IF(COUNTA(Q10:Q1644)=0,"""",IF(REGEXMATCH(INDEX(FILTER(Q$4:Q10,Q$4:Q10<>""""),ROWS(FILTER(Q$4:Q10,Q$4:Q10<>""""))),""^Sell_""),INDEX(FILTER(T$4:T9,Q$4:Q9<>""""),ROWS(FILTER(Q$4:Q9,Q$4:Q9<>""""))),$AD$5+S10))"),22.3) -> 22.3 | U10: =IFERROR(__xludf.DUMMYFUNCTION("IF(COUNTA(Q10:Q1644)=0,"""",IF(Q10="""",0,IF(REGEXMATCH(Q10,""^Sell_""),-ROUNDDOWN(ROUNDUP(INDEX(Upgrades!$C$3:$C$13,MATCH(SUBSTITUTE(Q10,""Sell_"",""""),Upgrades!$B$3:$B$13,0))*1.15^(COUNTIF(Q$4:Q9,SUBSTITUTE(Q10,""Sell_"",""""))-COUNTIF(Q$4:Q9,""Sell_"""&"&SUBSTITUTE(Q10,""Sell_"",""""))))/2),ROUNDUP(INDEX(Upgrades!$C$3:$C$13,MATCH(Q10,Upgrades!$B$3:$B$13,0))*1.15^(COUNTIF(Q$4:Q9,Q10)-COUNTIF(Q$4:Q9,""Sell_""&Q10))))))"),662.0) -> 662 | V10: =IF(COUNTA(Q10:Q1649)=0,"",U10+IF(V9<0,V9)) -> 662 | W10: =IF(COUNTA(Q10:Q1649)=0,"",W9+IF(V10>0,V10,0)/T9) -> 130.04827 | X10: =IF(COUNTA(Q10:Q1649)=0,"",IF(W10>3600,TRUNC(W10/3600)&"h ","")&IF(W10>59,IF(AND(W10>3599,QUOTIENT(MOD(W10,3600),60)<10),"0","")&QUOTIENT(MOD(W10,3600),60)&"m ","")&IF(AND(W10>=10,MOD(W10,60)<10),"0","")&ROUNDDOWN(MOD(W10,60),0)&"s") -> 2m 10s | Y10: =IF(COUNTA(Q10:Q1649)=0,"",Y9+IF(V10>0,V10,0)) -> 1790 | AA10: You can change the "New Route" actions, adding, removing,
B11: =IF(COUNTA(C11:C1650)=0,"",COUNTIF(C$4:C11,C11)-COUNTIF(C$4:C11,"Sell_"&C11)) -> 1 | C11: Grandma | D11: =IFERROR(__xludf.DUMMYFUNCTION("IF(COUNTA(C11:C1644)=0,"""",IF(ISBLANK(C11),FALSE,IF(NOT(COUNTIF($AA$24:$AA$34,SUBSTITUTE(C11,""Sell_"",""""))),1,IF(REGEXMATCH(C11,""Sell_""),IF(COUNTIF(C$4:C11,SUBSTITUTE(C11,""Sell_"",""""))-COUNTIF(C$4:C10,C11)<1,1),FALSE))))"),FALSE) -> FALSE | E11: {=IF(COUNTA(C11:C1644)=0,"",SUM((COUNTIF(C$4:C11,Upgrades!$B$3:$B$13)-COUNTIF(C$4:C11,"Sell_"&Upgrades!$B$3:$B$13))*Upgrades!$D$3:$D$13))} -> 12.8 | F11: =IFERROR(__xludf.DUMMYFUNCTION("IF(COUNTA(C11:C1644)=0,"""",IF(REGEXMATCH(INDEX(FILTER(C$4:C11,C$4:C11<>""""),ROWS(FILTER(C$4:C11,C$4:C11<>""""))),""^Sell_""),INDEX(FILTER(F$4:F10,C$4:C10<>""""),ROWS(FILTER(C$4:C10,C$4:C10<>""""))),$AC$5+E11))"),22.8) -> 22.8 | G11: =IFERROR(__xludf.DUMMYFUNCTION("IF(COUNTA(C11:C1644)=0,"""",IF(C11="""",0,IF(REGEXMATCH(C11,""^Sell_""),-ROUNDDOWN(ROUNDUP(INDEX(Upgrades!$C$3:$C$13,MATCH(SUBSTITUTE(C11,""Sell_"",""""),Upgrades!$B$3:$B$13,0))*1.15^(COUNTIF(C$4:C10,SUBSTITUTE(C11,""Sell_"",""""))-COUNTIF(C$4:C10,""Sell_"&"""&SUBSTITUTE(C11,""Sell_"",""""))))/2),ROUNDUP(INDEX(Upgrades!$C$3:$C$13,MATCH(C11,Upgrades!$B$3:$B$13,0))*1.15^(COUNTIF(C$4:C10,C11)-COUNTIF(C$4:C10,""Sell_""&C11))))))"),100.0) -> 100 | H11: =IF(COUNTA(C11:C1650)=0,"",G11+IF(H10<0,H10)) -> 100 | I11: =IF(COUNTA(C11:C1650)=0,"",I10+IF(H11>0,H11,0)/F10) -> 134.53257 | J11: =IF(COUNTA(C11:C1650)=0,"",IF(I11>3600,TRUNC(I11/3600)&"h ","")&IF(I11>59,IF(AND(I11>3599,QUOTIENT(MOD(I11,3600),60)<10),"0","")&QUOTIENT(MOD(I11,3600),60)&"m ","")&IF(AND(I11>=10,MOD(I11,60)<10),"0","")&ROUNDDOWN(MOD(I11,60),0)&"s") -> 2m 14s | K11: =IF(COUNTA(C11:C1650)=0,"",K10+IF(H11>0,H11,0)) -> 1890 | L11: =IFS(AND(COUNTA(C11:C1650)=0,COUNTA(Q11:Q1650)=0),"",OR(AND(K11>=1000000000,OR(Y11>=1000000000,COUNTA(Q11:Q1650)=0)),OR(Y11>=1000000000,AND(COUNTA(C11:C1650)=0,P$3=TRUE))),AF$1, AND(K11<1000000000,COUNTA(C11:C1650)>0,P$3=FALSE),TRUNC(LARGE(W$4:W1650,COUNTIF(Y$4:Y1650,">"&K11)+1)+(K11-LARGE(Y$4:Y1650,COUNTIF(Y$4:Y1650,">"&K11)+1))/LARGE(T$4:T1650,COUNTIF(Y$4:Y1650,">"&K11)+1)-I11,5),1, TRUNC(W11-LARGE(I$4:I1650,COUNTIF(K$4:K1650,">"&Y11)+1)-(Y11-LARGE(K$4:K1650,COUNTIF(K$4:K1650,">"&Y11)+1))/LARGE(F$4:F1650,COUNTIF(K$4:K1650,">"&Y11)+1),5)) -> 0 | M11: =IFERROR(__xludf.DUMMYFUNCTION("IFS(AND(COUNTA(C11:C1644)=0,COUNTA(Q11:Q1644)=0),"""",OR(AND(K11>=1000000000,OR(Y11>=1000000000,COUNTA(Q11:Q1644)=0)),OR(Y11>=1000000000,AND(COUNTA(C11:C1644)=0,P$3=TRUE))), ROUNDDOWN((AB$1-AC$1)*MAX(INDEX(T$4:T1644,MATCH(LARGE(FILTER(Y$4:Y1644,Y$4:Y1644<"&"1000000000),1),Y$4:Y1644)),INDEX(F$4:F1644,MATCH(LARGE(FILTER(K$4:K1644,K$4:K1644<1000000000),1),K$4:K1644)))),AND(K11<1000000000,COUNTA(C11:C1644)>0,P$3=FALSE), ROUNDDOWN(INDEX(Y$4:Y1644,MATCH(LARGE(FILTER(W$4:W1644,W$4:W1644<=I11),1),W$4:W1644))+(I11-LA"&"RGE(FILTER(W$4:W1644,W$4:W1644<=I11),1))*INDEX(T$4:T1644,MATCH(LARGE(FILTER(W$4:W1644,W$4:W1644<=I11),1),W$4:W1644))-K11),1, ROUNDDOWN(Y11-INDEX(K$4:K1644,MATCH(LARGE(FILTER(I$4:I1644,I$4:I1644<=W11),1),I$4:I1644))-(W11-LARGE(FILTER(I$4:I1644,I$4:I1644<=W"&"11),1))*INDEX(F$4:F1644,MATCH(LARGE(FILTER(I$4:I1644,I$4:I1644<=W11),1),I$4:I1644))))"),0.0) -> 0 | N11: =IF(ABS(L11)>=10000,TEXT(ROUND(L11,1),"#.#")&IF(RIGHT(TEXT(ROUND(L11,1),"#.#"))=",","0",""),L11) -> 0 | O11: =IF(ABS(M11)<1000000,M11,IF(ABS(M11)<1000000000,TEXT(ROUND(M11/1000000,1),"#.#")&IF(RIGHT(TEXT(ROUND(M11/1000000,1),"#.#"))=",","0","")&"M",TEXT(ROUND(M11/1000000000,1),"#.#")&IF(RIGHT(TEXT(ROUND(M11/1000000000,1),"#.#"))=",","0","")&"B")) -> 0 | P11: =IF(COUNTA(Q11:Q1650)=0,"",COUNTIF(Q$4:Q11,Q11)-COUNTIF(Q$4:Q11,"Sell_"&Q11)) -> 1 | Q11: Grandma | R11: =IFERROR(__xludf.DUMMYFUNCTION("IF(COUNTA(Q11:Q1644)=0,"""",IF(ISBLANK(Q11),FALSE,IF(NOT(COUNTIF($AA$24:$AA$34,SUBSTITUTE(Q11,""Sell_"",""""))),1,IF(REGEXMATCH(Q11,""Sell_""),IF(COUNTIF(Q$4:Q11,SUBSTITUTE(Q11,""Sell_"",""""))-COUNTIF(Q$4:Q10,Q11)<1,1),FALSE))))"),FALSE) -> FALSE | S11: {=IF(COUNTA(Q11:Q1644)=0,"",SUM((COUNTIF(Q$4:Q11,Upgrades!$B$3:$B$13)-COUNTIF(Q$4:Q11,"Sell_"&Upgrades!$B$3:$B$13))*Upgrades!$D$3:$D$13))} -> 12.8 | T11: =IFERROR(__xludf.DUMMYFUNCTION("IF(COUNTA(Q11:Q1644)=0,"""",IF(REGEXMATCH(INDEX(FILTER(Q$4:Q11,Q$4:Q11<>""""),ROWS(FILTER(Q$4:Q11,Q$4:Q11<>""""))),""^Sell_""),INDEX(FILTER(T$4:T10,Q$4:Q10<>""""),ROWS(FILTER(Q$4:Q10,Q$4:Q10<>""""))),$AD$5+S11))"),22.8) -> 22.8 | U11: =IFERROR(__xludf.DUMMYFUNCTION("IF(COUNTA(Q11:Q1644)=0,"""",IF(Q11="""",0,IF(REGEXMATCH(Q11,""^Sell_""),-ROUNDDOWN(ROUNDUP(INDEX(Upgrades!$C$3:$C$13,MATCH(SUBSTITUTE(Q11,""Sell_"",""""),Upgrades!$B$3:$B$13,0))*1.15^(COUNTIF(Q$4:Q10,SUBSTITUTE(Q11,""Sell_"",""""))-COUNTIF(Q$4:Q10,""Sell_"&"""&SUBSTITUTE(Q11,""Sell_"",""""))))/2),ROUNDUP(INDEX(Upgrades!$C$3:$C$13,MATCH(Q11,Upgrades!$B$3:$B$13,0))*1.15^(COUNTIF(Q$4:Q10,Q11)-COUNTIF(Q$4:Q10,""Sell_""&Q11))))))"),100.0) -> 100 | V11: =IF(COUNTA(Q11:Q1650)=0,"",U11+IF(V10<0,V10)) -> 100 | W11: =IF(COUNTA(Q11:Q1650)=0,"",W10+IF(V11>0,V11,0)/T10) -> 134.53257 | X11: =IF(COUNTA(Q11:Q1650)=0,"",IF(W11>3600,TRUNC(W11/3600)&"h ","")&IF(W11>59,IF(AND(W11>3599,QUOTIENT(MOD(W11,3600),60)<10),"0","")&QUOTIENT(MOD(W11,3600),60)&"m ","")&IF(AND(W11>=10,MOD(W11,60)<10),"0","")&ROUNDDOWN(MOD(W11,60),0)&"s") -> 2m 14s | Y11: =IF(COUNTA(Q11:Q1650)=0,"",Y10+IF(V11>0,V11,0)) -> 1890 | AA11: switching them and see if you get better numbers over time.
B12: =IF(COUNTA(C12:C1651)=0,"",COUNTIF(C$4:C12,C12)-COUNTIF(C$4:C12,"Sell_"&C12)) -> 4 | C12: Farm | D12: =IFERROR(__xludf.DUMMYFUNCTION("IF(COUNTA(C12:C1644)=0,"""",IF(ISBLANK(C12),FALSE,IF(NOT(COUNTIF($AA$24:$AA$34,SUBSTITUTE(C12,""Sell_"",""""))),1,IF(REGEXMATCH(C12,""Sell_""),IF(COUNTIF(C$4:C12,SUBSTITUTE(C12,""Sell_"",""""))-COUNTIF(C$4:C11,C12)<1,1),FALSE))))"),FALSE) -> FALSE | E12: {=IF(COUNTA(C12:C1644)=0,"",SUM((COUNTIF(C$4:C12,Upgrades!$B$3:$B$13)-COUNTIF(C$4:C12,"Sell_"&Upgrades!$B$3:$B$13))*Upgrades!$D$3:$D$13))} -> 16.8 | F12: =IFERROR(__xludf.DUMMYFUNCTION("IF(COUNTA(C12:C1644)=0,"""",IF(REGEXMATCH(INDEX(FILTER(C$4:C12,C$4:C12<>""""),ROWS(FILTER(C$4:C12,C$4:C12<>""""))),""^Sell_""),INDEX(FILTER(F$4:F11,C$4:C11<>""""),ROWS(FILTER(C$4:C11,C$4:C11<>""""))),$AC$5+E12))"),26.8) -> 26.8 | G12: =IFERROR(__xludf.DUMMYFUNCTION("IF(COUNTA(C12:C1644)=0,"""",IF(C12="""",0,IF(REGEXMATCH(C12,""^Sell_""),-ROUNDDOWN(ROUNDUP(INDEX(Upgrades!$C$3:$C$13,MATCH(SUBSTITUTE(C12,""Sell_"",""""),Upgrades!$B$3:$B$13,0))*1.15^(COUNTIF(C$4:C11,SUBSTITUTE(C12,""Sell_"",""""))-COUNTIF(C$4:C11,""Sell_"&"""&SUBSTITUTE(C12,""Sell_"",""""))))/2),ROUNDUP(INDEX(Upgrades!$C$3:$C$13,MATCH(C12,Upgrades!$B$3:$B$13,0))*1.15^(COUNTIF(C$4:C11,C12)-COUNTIF(C$4:C11,""Sell_""&C12))))))"),761.0) -> 761 | H12: =IF(COUNTA(C12:C1651)=0,"",G12+IF(H11<0,H11)) -> 761 | I12: =IF(COUNTA(C12:C1651)=0,"",I11+IF(H12>0,H12,0)/F11) -> 167.90977 | J12: =IF(COUNTA(C12:C1651)=0,"",IF(I12>3600,TRUNC(I12/3600)&"h ","")&IF(I12>59,IF(AND(I12>3599,QUOTIENT(MOD(I12,3600),60)<10),"0","")&QUOTIENT(MOD(I12,3600),60)&"m ","")&IF(AND(I12>=10,MOD(I12,60)<10),"0","")&ROUNDDOWN(MOD(I12,60),0)&"s") -> 2m 47s | K12: =IF(COUNTA(C12:C1651)=0,"",K11+IF(H12>0,H12,0)) -> 2651 | L12: =IFS(AND(COUNTA(C12:C1651)=0,COUNTA(Q12:Q1651)=0),"",OR(AND(K12>=1000000000,OR(Y12>=1000000000,COUNTA(Q12:Q1651)=0)),OR(Y12>=1000000000,AND(COUNTA(C12:C1651)=0,P$3=TRUE))),AF$1, AND(K12<1000000000,COUNTA(C12:C1651)>0,P$3=FALSE),TRUNC(LARGE(W$4:W1651,COUNTIF(Y$4:Y1651,">"&K12)+1)+(K12-LARGE(Y$4:Y1651,COUNTIF(Y$4:Y1651,">"&K12)+1))/LARGE(T$4:T1651,COUNTIF(Y$4:Y1651,">"&K12)+1)-I12,5),1, TRUNC(W12-LARGE(I$4:I1651,COUNTIF(K$4:K1651,">"&Y12)+1)-(Y12-LARGE(K$4:K1651,COUNTIF(K$4:K1651,">"&Y12)+1))/LARGE(F$4:F1651,COUNTIF(K$4:K1651,">"&Y12)+1),5)) -> 0 | M12: =IFERROR(__xludf.DUMMYFUNCTION("IFS(AND(COUNTA(C12:C1644)=0,COUNTA(Q12:Q1644)=0),"""",OR(AND(K12>=1000000000,OR(Y12>=1000000000,COUNTA(Q12:Q1644)=0)),OR(Y12>=1000000000,AND(COUNTA(C12:C1644)=0,P$3=TRUE))), ROUNDDOWN((AB$1-AC$1)*MAX(INDEX(T$4:T1644,MATCH(LARGE(FILTER(Y$4:Y1644,Y$4:Y1644<"&"1000000000),1),Y$4:Y1644)),INDEX(F$4:F1644,MATCH(LARGE(FILTER(K$4:K1644,K$4:K1644<1000000000),1),K$4:K1644)))),AND(K12<1000000000,COUNTA(C12:C1644)>0,P$3=FALSE), ROUNDDOWN(INDEX(Y$4:Y1644,MATCH(LARGE(FILTER(W$4:W1644,W$4:W1644<=I12),1),W$4:W1644))+(I12-LA"&"RGE(FILTER(W$4:W1644,W$4:W1644<=I12),1))*INDEX(T$4:T1644,MATCH(LARGE(FILTER(W$4:W1644,W$4:W1644<=I12),1),W$4:W1644))-K12),1, ROUNDDOWN(Y12-INDEX(K$4:K1644,MATCH(LARGE(FILTER(I$4:I1644,I$4:I1644<=W12),1),I$4:I1644))-(W12-LARGE(FILTER(I$4:I1644,I$4:I1644<=W"&"12),1))*INDEX(F$4:F1644,MATCH(LARGE(FILTER(I$4:I1644,I$4:I1644<=W12),1),I$4:I1644))))"),0.0) -> 0 | N12: =IF(ABS(L12)>=10000,TEXT(ROUND(L12,1),"#.#")&IF(RIGHT(TEXT(ROUND(L12,1),"#.#"))=",","0",""),L12) -> 0 | O12: =IF(ABS(M12)<1000000,M12,IF(ABS(M12)<1000000000,TEXT(ROUND(M12/1000000,1),"#.#")&IF(RIGHT(TEXT(ROUND(M12/1000000,1),"#.#"))=",","0","")&"M",TEXT(ROUND(M12/1000000000,1),"#.#")&IF(RIGHT(TEXT(ROUND(M12/1000000000,1),"#.#"))=",","0","")&"B")) -> 0 | P12: =IF(COUNTA(Q12:Q1651)=0,"",COUNTIF(Q$4:Q12,Q12)-COUNTIF(Q$4:Q12,"Sell_"&Q12)) -> 4 | Q12: Farm | R12: =IFERROR(__xludf.DUMMYFUNCTION("IF(COUNTA(Q12:Q1644)=0,"""",IF(ISBLANK(Q12),FALSE,IF(NOT(COUNTIF($AA$24:$AA$34,SUBSTITUTE(Q12,""Sell_"",""""))),1,IF(REGEXMATCH(Q12,""Sell_""),IF(COUNTIF(Q$4:Q12,SUBSTITUTE(Q12,""Sell_"",""""))-COUNTIF(Q$4:Q11,Q12)<1,1),FALSE))))"),FALSE) -> FALSE | S12: {=IF(COUNTA(Q12:Q1644)=0,"",SUM((COUNTIF(Q$4:Q12,Upgrades!$B$3:$B$13)-COUNTIF(Q$4:Q12,"Sell_"&Upgrades!$B$3:$B$13))*Upgrades!$D$3:$D$13))} -> 16.8 | T12: =IFERROR(__xludf.DUMMYFUNCTION("IF(COUNTA(Q12:Q1644)=0,"""",IF(REGEXMATCH(INDEX(FILTER(Q$4:Q12,Q$4:Q12<>""""),ROWS(FILTER(Q$4:Q12,Q$4:Q12<>""""))),""^Sell_""),INDEX(FILTER(T$4:T11,Q$4:Q11<>""""),ROWS(FILTER(Q$4:Q11,Q$4:Q11<>""""))),$AD$5+S12))"),26.8) -> 26.8 | U12: =IFERROR(__xludf.DUMMYFUNCTION("IF(COUNTA(Q12:Q1644)=0,"""",IF(Q12="""",0,IF(REGEXMATCH(Q12,""^Sell_""),-ROUNDDOWN(ROUNDUP(INDEX(Upgrades!$C$3:$C$13,MATCH(SUBSTITUTE(Q12,""Sell_"",""""),Upgrades!$B$3:$B$13,0))*1.15^(COUNTIF(Q$4:Q11,SUBSTITUTE(Q12,""Sell_"",""""))-COUNTIF(Q$4:Q11,""Sell_"&"""&SUBSTITUTE(Q12,""Sell_"",""""))))/2),ROUNDUP(INDEX(Upgrades!$C$3:$C$13,MATCH(Q12,Upgrades!$B$3:$B$13,0))*1.15^(COUNTIF(Q$4:Q11,Q12)-COUNTIF(Q$4:Q11,""Sell_""&Q12))))))"),761.0) -> 761 | V12: =IF(COUNTA(Q12:Q1651)=0,"",U12+IF(V11<0,V11)) -> 761 | W12: =IF(COUNTA(Q12:Q1651)=0,"",W11+IF(V12>0,V12,0)/T11) -> 167.90977 | X12: =IF(COUNTA(Q12:Q1651)=0,"",IF(W12>3600,TRUNC(W12/3600)&"h ","")&IF(W12>59,IF(AND(W12>3599,QUOTIENT(MOD(W12,3600),60)<10),"0","")&QUOTIENT(MOD(W12,3600),60)&"m ","")&IF(AND(W12>=10,MOD(W12,60)<10),"0","")&ROUNDDOWN(MOD(W12,60),0)&"s") -> 2m 47s | Y12: =IF(COUNTA(Q12:Q1651)=0,"",Y11+IF(V12>0,V12,0)) -> 2651 | AA12: You will have real-time cookies and time comparisons.
B13: =IF(COUNTA(C13:C1652)=0,"",COUNTIF(C$4:C13,C13)-COUNTIF(C$4:C13,"Sell_"&C13)) -> 4 | C13: Cursor | D13: =IFERROR(__xludf.DUMMYFUNCTION("IF(COUNTA(C13:C1644)=0,"""",IF(ISBLANK(C13),FALSE,IF(NOT(COUNTIF($AA$24:$AA$34,SUBSTITUTE(C13,""Sell_"",""""))),1,IF(REGEXMATCH(C13,""Sell_""),IF(COUNTIF(C$4:C13,SUBSTITUTE(C13,""Sell_"",""""))-COUNTIF(C$4:C12,C13)<1,1),FALSE))))"),FALSE) -> FALSE | E13: {=IF(COUNTA(C13:C1644)=0,"",SUM((COUNTIF(C$4:C13,Upgrades!$B$3:$B$13)-COUNTIF(C$4:C13,"Sell_"&Upgrades!$B$3:$B$13))*Upgrades!$D$3:$D$13))} -> 16.9 | F13: =IFERROR(__xludf.DUMMYFUNCTION("IF(COUNTA(C13:C1644)=0,"""",IF(REGEXMATCH(INDEX(FILTER(C$4:C13,C$4:C13<>""""),ROWS(FILTER(C$4:C13,C$4:C13<>""""))),""^Sell_""),INDEX(FILTER(F$4:F12,C$4:C12<>""""),ROWS(FILTER(C$4:C12,C$4:C12<>""""))),$AC$5+E13))"),26.9) -> 26.9 | G13: =IFERROR(__xludf.DUMMYFUNCTION("IF(COUNTA(C13:C1644)=0,"""",IF(C13="""",0,IF(REGEXMATCH(C13,""^Sell_""),-ROUNDDOWN(ROUNDUP(INDEX(Upgrades!$C$3:$C$13,MATCH(SUBSTITUTE(C13,""Sell_"",""""),Upgrades!$B$3:$B$13,0))*1.15^(COUNTIF(C$4:C12,SUBSTITUTE(C13,""Sell_"",""""))-COUNTIF(C$4:C12,""Sell_"&"""&SUBSTITUTE(C13,""Sell_"",""""))))/2),ROUNDUP(INDEX(Upgrades!$C$3:$C$13,MATCH(C13,Upgrades!$B$3:$B$13,0))*1.15^(COUNTIF(C$4:C12,C13)-COUNTIF(C$4:C12,""Sell_""&C13))))))"),23.0) -> 23 | H13: =IF(COUNTA(C13:C1652)=0,"",G13+IF(H12<0,H12)) -> 23 | I13: =IF(COUNTA(C13:C1652)=0,"",I12+IF(H13>0,H13,0)/F12) -> 168.76798 | J13: =IF(COUNTA(C13:C1652)=0,"",IF(I13>3600,TRUNC(I13/3600)&"h ","")&IF(I13>59,IF(AND(I13>3599,QUOTIENT(MOD(I13,3600),60)<10),"0","")&QUOTIENT(MOD(I13,3600),60)&"m ","")&IF(AND(I13>=10,MOD(I13,60)<10),"0","")&ROUNDDOWN(MOD(I13,60),0)&"s") -> 2m 48s | K13: =IF(COUNTA(C13:C1652)=0,"",K12+IF(H13>0,H13,0)) -> 2674 | L13: =IFS(AND(COUNTA(C13:C1652)=0,COUNTA(Q13:Q1652)=0),"",OR(AND(K13>=1000000000,OR(Y13>=1000000000,COUNTA(Q13:Q1652)=0)),OR(Y13>=1000000000,AND(COUNTA(C13:C1652)=0,P$3=TRUE))),AF$1, AND(K13<1000000000,COUNTA(C13:C1652)>0,P$3=FALSE),TRUNC(LARGE(W$4:W1652,COUNTIF(Y$4:Y1652,">"&K13)+1)+(K13-LARGE(Y$4:Y1652,COUNTIF(Y$4:Y1652,">"&K13)+1))/LARGE(T$4:T1652,COUNTIF(Y$4:Y1652,">"&K13)+1)-I13,5),1, TRUNC(W13-LARGE(I$4:I1652,COUNTIF(K$4:K1652,">"&Y13)+1)-(Y13-LARGE(K$4:K1652,COUNTIF(K$4:K1652,">"&Y13)+1))/LARGE(F$4:F1652,COUNTIF(K$4:K1652,">"&Y13)+1),5)) -> 0 | M13: =IFERROR(__xludf.DUMMYFUNCTION("IFS(AND(COUNTA(C13:C1644)=0,COUNTA(Q13:Q1644)=0),"""",OR(AND(K13>=1000000000,OR(Y13>=1000000000,COUNTA(Q13:Q1644)=0)),OR(Y13>=1000000000,AND(COUNTA(C13:C1644)=0,P$3=TRUE))), ROUNDDOWN((AB$1-AC$1)*MAX(INDEX(T$4:T1644,MATCH(LARGE(FILTER(Y$4:Y1644,Y$4:Y1644<"&"1000000000),1),Y$4:Y1644)),INDEX(F$4:F1644,MATCH(LARGE(FILTER(K$4:K1644,K$4:K1644<1000000000),1),K$4:K1644)))),AND(K13<1000000000,COUNTA(C13:C1644)>0,P$3=FALSE), ROUNDDOWN(INDEX(Y$4:Y1644,MATCH(LARGE(FILTER(W$4:W1644,W$4:W1644<=I13),1),W$4:W1644))+(I13-LA"&"RGE(FILTER(W$4:W1644,W$4:W1644<=I13),1))*INDEX(T$4:T1644,MATCH(LARGE(FILTER(W$4:W1644,W$4:W1644<=I13),1),W$4:W1644))-K13),1, ROUNDDOWN(Y13-INDEX(K$4:K1644,MATCH(LARGE(FILTER(I$4:I1644,I$4:I1644<=W13),1),I$4:I1644))-(W13-LARGE(FILTER(I$4:I1644,I$4:I1644<=W"&"13),1))*INDEX(F$4:F1644,MATCH(LARGE(FILTER(I$4:I1644,I$4:I1644<=W13),1),I$4:I1644))))"),0.0) -> 0 | N13: =IF(ABS(L13)>=10000,TEXT(ROUND(L13,1),"#.#")&IF(RIGHT(TEXT(ROUND(L13,1),"#.#"))=",","0",""),L13) -> 0 | O13: =IF(ABS(M13)<1000000,M13,IF(ABS(M13)<1000000000,TEXT(ROUND(M13/1000000,1),"#.#")&IF(RIGHT(TEXT(ROUND(M13/1000000,1),"#.#"))=",","0","")&"M",TEXT(ROUND(M13/1000000000,1),"#.#")&IF(RIGHT(TEXT(ROUND(M13/1000000000,1),"#.#"))=",","0","")&"B")) -> 0 | P13: =IF(COUNTA(Q13:Q1652)=0,"",COUNTIF(Q$4:Q13,Q13)-COUNTIF(Q$4:Q13,"Sell_"&Q13)) -> 4 | Q13: Cursor | R13: =IFERROR(__xludf.DUMMYFUNCTION("IF(COUNTA(Q13:Q1644)=0,"""",IF(ISBLANK(Q13),FALSE,IF(NOT(COUNTIF($AA$24:$AA$34,SUBSTITUTE(Q13,""Sell_"",""""))),1,IF(REGEXMATCH(Q13,""Sell_""),IF(COUNTIF(Q$4:Q13,SUBSTITUTE(Q13,""Sell_"",""""))-COUNTIF(Q$4:Q12,Q13)<1,1),FALSE))))"),FALSE) -> FALSE | S13: {=IF(COUNTA(Q13:Q1644)=0,"",SUM((COUNTIF(Q$4:Q13,Upgrades!$B$3:$B$13)-COUNTIF(Q$4:Q13,"Sell_"&Upgrades!$B$3:$B$13))*Upgrades!$D$3:$D$13))} -> 16.9 | T13: =IFERROR(__xludf.DUMMYFUNCTION("IF(COUNTA(Q13:Q1644)=0,"""",IF(REGEXMATCH(INDEX(FILTER(Q$4:Q13,Q$4:Q13<>""""),ROWS(FILTER(Q$4:Q13,Q$4:Q13<>""""))),""^Sell_""),INDEX(FILTER(T$4:T12,Q$4:Q12<>""""),ROWS(FILTER(Q$4:Q12,Q$4:Q12<>""""))),$AD$5+S13))"),26.9) -> 26.9 | U13: =IFERROR(__xludf.DUMMYFUNCTION("IF(COUNTA(Q13:Q1644)=0,"""",IF(Q13="""",0,IF(REGEXMATCH(Q13,""^Sell_""),-ROUNDDOWN(ROUNDUP(INDEX(Upgrades!$C$3:$C$13,MATCH(SUBSTITUTE(Q13,""Sell_"",""""),Upgrades!$B$3:$B$13,0))*1.15^(COUNTIF(Q$4:Q12,SUBSTITUTE(Q13,""Sell_"",""""))-COUNTIF(Q$4:Q12,""Sell_"&"""&SUBSTITUTE(Q13,""Sell_"",""""))))/2),ROUNDUP(INDEX(Upgrades!$C$3:$C$13,MATCH(Q13,Upgrades!$B$3:$B$13,0))*1.15^(COUNTIF(Q$4:Q12,Q13)-COUNTIF(Q$4:Q12,""Sell_""&Q13))))))"),23.0) -> 23 | V13: =IF(COUNTA(Q13:Q1652)=0,"",U13+IF(V12<0,V12)) -> 23 | W13: =IF(COUNTA(Q13:Q1652)=0,"",W12+IF(V13>0,V13,0)/T12) -> 168.76798 | X13: =IF(COUNTA(Q13:Q1652)=0,"",IF(W13>3600,TRUNC(W13/3600)&"h ","")&IF(W13>59,IF(AND(W13>3599,QUOTIENT(MOD(W13,3600),60)<10),"0","")&QUOTIENT(MOD(W13,3600),60)&"m ","")&IF(AND(W13>=10,MOD(W13,60)<10),"0","")&ROUNDDOWN(MOD(W13,60),0)&"s") -> 2m 48s | Y13: =IF(COUNTA(Q13:Q1652)=0,"",Y12+IF(V13>0,V13,0)) -> 2674
B14: =IF(COUNTA(C14:C1653)=0,"",COUNTIF(C$4:C14,C14)-COUNTIF(C$4:C14,"Sell_"&C14)) -> 2 | C14: Grandma | D14: =IFERROR(__xludf.DUMMYFUNCTION("IF(COUNTA(C14:C1644)=0,"""",IF(ISBLANK(C14),FALSE,IF(NOT(COUNTIF($AA$24:$AA$34,SUBSTITUTE(C14,""Sell_"",""""))),1,IF(REGEXMATCH(C14,""Sell_""),IF(COUNTIF(C$4:C14,SUBSTITUTE(C14,""Sell_"",""""))-COUNTIF(C$4:C13,C14)<1,1),FALSE))))"),FALSE) -> FALSE | E14: {=IF(COUNTA(C14:C1644)=0,"",SUM((COUNTIF(C$4:C14,Upgrades!$B$3:$B$13)-COUNTIF(C$4:C14,"Sell_"&Upgrades!$B$3:$B$13))*Upgrades!$D$3:$D$13))} -> 17.4 | F14: =IFERROR(__xludf.DUMMYFUNCTION("IF(COUNTA(C14:C1644)=0,"""",IF(REGEXMATCH(INDEX(FILTER(C$4:C14,C$4:C14<>""""),ROWS(FILTER(C$4:C14,C$4:C14<>""""))),""^Sell_""),INDEX(FILTER(F$4:F13,C$4:C13<>""""),ROWS(FILTER(C$4:C13,C$4:C13<>""""))),$AC$5+E14))"),27.4) -> 27.4 | G14: =IFERROR(__xludf.DUMMYFUNCTION("IF(COUNTA(C14:C1644)=0,"""",IF(C14="""",0,IF(REGEXMATCH(C14,""^Sell_""),-ROUNDDOWN(ROUNDUP(INDEX(Upgrades!$C$3:$C$13,MATCH(SUBSTITUTE(C14,""Sell_"",""""),Upgrades!$B$3:$B$13,0))*1.15^(COUNTIF(C$4:C13,SUBSTITUTE(C14,""Sell_"",""""))-COUNTIF(C$4:C13,""Sell_"&"""&SUBSTITUTE(C14,""Sell_"",""""))))/2),ROUNDUP(INDEX(Upgrades!$C$3:$C$13,MATCH(C14,Upgrades!$B$3:$B$13,0))*1.15^(COUNTIF(C$4:C13,C14)-COUNTIF(C$4:C13,""Sell_""&C14))))))"),115.0) -> 115 | H14: =IF(COUNTA(C14:C1653)=0,"",G14+IF(H13<0,H13)) -> 115 | I14: =IF(COUNTA(C14:C1653)=0,"",I13+IF(H14>0,H14,0)/F13) -> 173.04307 | J14: =IF(COUNTA(C14:C1653)=0,"",IF(I14>3600,TRUNC(I14/3600)&"h ","")&IF(I14>59,IF(AND(I14>3599,QUOTIENT(MOD(I14,3600),60)<10),"0","")&QUOTIENT(MOD(I14,3600),60)&"m ","")&IF(AND(I14>=10,MOD(I14,60)<10),"0","")&ROUNDDOWN(MOD(I14,60),0)&"s") -> 2m 53s | K14: =IF(COUNTA(C14:C1653)=0,"",K13+IF(H14>0,H14,0)) -> 2789 | L14: =IFS(AND(COUNTA(C14:C1653)=0,COUNTA(Q14:Q1653)=0),"",OR(AND(K14>=1000000000,OR(Y14>=1000000000,COUNTA(Q14:Q1653)=0)),OR(Y14>=1000000000,AND(COUNTA(C14:C1653)=0,P$3=TRUE))),AF$1, AND(K14<1000000000,COUNTA(C14:C1653)>0,P$3=FALSE),TRUNC(LARGE(W$4:W1653,COUNTIF(Y$4:Y1653,">"&K14)+1)+(K14-LARGE(Y$4:Y1653,COUNTIF(Y$4:Y1653,">"&K14)+1))/LARGE(T$4:T1653,COUNTIF(Y$4:Y1653,">"&K14)+1)-I14,5),1, TRUNC(W14-LARGE(I$4:I1653,COUNTIF(K$4:K1653,">"&Y14)+1)-(Y14-LARGE(K$4:K1653,COUNTIF(K$4:K1653,">"&Y14)+1))/LARGE(F$4:F1653,COUNTIF(K$4:K1653,">"&Y14)+1),5)) -> 0 | M14: =IFERROR(__xludf.DUMMYFUNCTION("IFS(AND(COUNTA(C14:C1644)=0,COUNTA(Q14:Q1644)=0),"""",OR(AND(K14>=1000000000,OR(Y14>=1000000000,COUNTA(Q14:Q1644)=0)),OR(Y14>=1000000000,AND(COUNTA(C14:C1644)=0,P$3=TRUE))), ROUNDDOWN((AB$1-AC$1)*MAX(INDEX(T$4:T1644,MATCH(LARGE(FILTER(Y$4:Y1644,Y$4:Y1644<"&"1000000000),1),Y$4:Y1644)),INDEX(F$4:F1644,MATCH(LARGE(FILTER(K$4:K1644,K$4:K1644<1000000000),1),K$4:K1644)))),AND(K14<1000000000,COUNTA(C14:C1644)>0,P$3=FALSE), ROUNDDOWN(INDEX(Y$4:Y1644,MATCH(LARGE(FILTER(W$4:W1644,W$4:W1644<=I14),1),W$4:W1644))+(I14-LA"&"RGE(FILTER(W$4:W1644,W$4:W1644<=I14),1))*INDEX(T$4:T1644,MATCH(LARGE(FILTER(W$4:W1644,W$4:W1644<=I14),1),W$4:W1644))-K14),1, ROUNDDOWN(Y14-INDEX(K$4:K1644,MATCH(LARGE(FILTER(I$4:I1644,I$4:I1644<=W14),1),I$4:I1644))-(W14-LARGE(FILTER(I$4:I1644,I$4:I1644<=W"&"14),1))*INDEX(F$4:F1644,MATCH(LARGE(FILTER(I$4:I1644,I$4:I1644<=W14),1),I$4:I1644))))"),0.0) -> 0 | N14: =IF(ABS(L14)>=10000,TEXT(ROUND(L14,1),"#.#")&IF(RIGHT(TEXT(ROUND(L14,1),"#.#"))=",","0",""),L14) -> 0 | O14: =IF(ABS(M14)<1000000,M14,IF(ABS(M14)<1000000000,TEXT(ROUND(M14/1000000,1),"#.#")&IF(RIGHT(TEXT(ROUND(M14/1000000,1),"#.#"))=",","0","")&"M",TEXT(ROUND(M14/1000000000,1),"#.#")&IF(RIGHT(TEXT(ROUND(M14/1000000000,1),"#.#"))=",","0","")&"B")) -> 0 | P14: =IF(COUNTA(Q14:Q1653)=0,"",COUNTIF(Q$4:Q14,Q14)-COUNTIF(Q$4:Q14,"Sell_"&Q14)) -> 2 | Q14: Grandma | R14: =IFERROR(__xludf.DUMMYFUNCTION("IF(COUNTA(Q14:Q1644)=0,"""",IF(ISBLANK(Q14),FALSE,IF(NOT(COUNTIF($AA$24:$AA$34,SUBSTITUTE(Q14,""Sell_"",""""))),1,IF(REGEXMATCH(Q14,""Sell_""),IF(COUNTIF(Q$4:Q14,SUBSTITUTE(Q14,""Sell_"",""""))-COUNTIF(Q$4:Q13,Q14)<1,1),FALSE))))"),FALSE) -> FALSE | S14: {=IF(COUNTA(Q14:Q1644)=0,"",SUM((COUNTIF(Q$4:Q14,Upgrades!$B$3:$B$13)-COUNTIF(Q$4:Q14,"Sell_"&Upgrades!$B$3:$B$13))*Upgrades!$D$3:$D$13))} -> 17.4 | T14: =IFERROR(__xludf.DUMMYFUNCTION("IF(COUNTA(Q14:Q1644)=0,"""",IF(REGEXMATCH(INDEX(FILTER(Q$4:Q14,Q$4:Q14<>""""),ROWS(FILTER(Q$4:Q14,Q$4:Q14<>""""))),""^Sell_""),INDEX(FILTER(T$4:T13,Q$4:Q13<>""""),ROWS(FILTER(Q$4:Q13,Q$4:Q13<>""""))),$AD$5+S14))"),27.4) -> 27.4 | U14: =IFERROR(__xludf.DUMMYFUNCTION("IF(COUNTA(Q14:Q1644)=0,"""",IF(Q14="""",0,IF(REGEXMATCH(Q14,""^Sell_""),-ROUNDDOWN(ROUNDUP(INDEX(Upgrades!$C$3:$C$13,MATCH(SUBSTITUTE(Q14,""Sell_"",""""),Upgrades!$B$3:$B$13,0))*1.15^(COUNTIF(Q$4:Q13,SUBSTITUTE(Q14,""Sell_"",""""))-COUNTIF(Q$4:Q13,""Sell_"&"""&SUBSTITUTE(Q14,""Sell_"",""""))))/2),ROUNDUP(INDEX(Upgrades!$C$3:$C$13,MATCH(Q14,Upgrades!$B$3:$B$13,0))*1.15^(COUNTIF(Q$4:Q13,Q14)-COUNTIF(Q$4:Q13,""Sell_""&Q14))))))"),115.0) -> 115 | V14: =IF(COUNTA(Q14:Q1653)=0,"",U14+IF(V13<0,V13)) -> 115 | W14: =IF(COUNTA(Q14:Q1653)=0,"",W13+IF(V14>0,V14,0)/T13) -> 173.04307 | X14: =IF(COUNTA(Q14:Q1653)=0,"",IF(W14>3600,TRUNC(W14/3600)&"h ","")&IF(W14>59,IF(AND(W14>3599,QUOTIENT(MOD(W14,3600),60)<10),"0","")&QUOTIENT(MOD(W14,3600),60)&"m ","")&IF(AND(W14>=10,MOD(W14,60)<10),"0","")&ROUNDDOWN(MOD(W14,60),0)&"s") -> 2m 53s | Y14: =IF(COUNTA(Q14:Q1653)=0,"",Y13+IF(V14>0,V14,0)) -> 2789 | AA14: WARNING: Never cut things (Ctrl+X), always copy (Ctrl+C).
B15: =IF(COUNTA(C15:C1654)=0,"",COUNTIF(C$4:C15,C15)-COUNTIF(C$4:C15,"Sell_"&C15)) -> 5 | C15: Farm | D15: =IFERROR(__xludf.DUMMYFUNCTION("IF(COUNTA(C15:C1644)=0,"""",IF(ISBLANK(C15),FALSE,IF(NOT(COUNTIF($AA$24:$AA$34,SUBSTITUTE(C15,""Sell_"",""""))),1,IF(REGEXMATCH(C15,""Sell_""),IF(COUNTIF(C$4:C15,SUBSTITUTE(C15,""Sell_"",""""))-COUNTIF(C$4:C14,C15)<1,1),FALSE))))"),FALSE) -> FALSE | E15: {=IF(COUNTA(C15:C1644)=0,"",SUM((COUNTIF(C$4:C15,Upgrades!$B$3:$B$13)-COUNTIF(C$4:C15,"Sell_"&Upgrades!$B$3:$B$13))*Upgrades!$D$3:$D$13))} -> 21.4 | F15: =IFERROR(__xludf.DUMMYFUNCTION("IF(COUNTA(C15:C1644)=0,"""",IF(REGEXMATCH(INDEX(FILTER(C$4:C15,C$4:C15<>""""),ROWS(FILTER(C$4:C15,C$4:C15<>""""))),""^Sell_""),INDEX(FILTER(F$4:F14,C$4:C14<>""""),ROWS(FILTER(C$4:C14,C$4:C14<>""""))),$AC$5+E15))"),31.4) -> 31.4 | G15: =IFERROR(__xludf.DUMMYFUNCTION("IF(COUNTA(C15:C1644)=0,"""",IF(C15="""",0,IF(REGEXMATCH(C15,""^Sell_""),-ROUNDDOWN(ROUNDUP(INDEX(Upgrades!$C$3:$C$13,MATCH(SUBSTITUTE(C15,""Sell_"",""""),Upgrades!$B$3:$B$13,0))*1.15^(COUNTIF(C$4:C14,SUBSTITUTE(C15,""Sell_"",""""))-COUNTIF(C$4:C14,""Sell_"&"""&SUBSTITUTE(C15,""Sell_"",""""))))/2),ROUNDUP(INDEX(Upgrades!$C$3:$C$13,MATCH(C15,Upgrades!$B$3:$B$13,0))*1.15^(COUNTIF(C$4:C14,C15)-COUNTIF(C$4:C14,""Sell_""&C15))))))"),875.0) -> 875 | H15: =IF(COUNTA(C15:C1654)=0,"",G15+IF(H14<0,H14)) -> 875 | I15: =IF(COUNTA(C15:C1654)=0,"",I14+IF(H15>0,H15,0)/F14) -> 204.97737 | J15: =IF(COUNTA(C15:C1654)=0,"",IF(I15>3600,TRUNC(I15/3600)&"h ","")&IF(I15>59,IF(AND(I15>3599,QUOTIENT(MOD(I15,3600),60)<10),"0","")&QUOTIENT(MOD(I15,3600),60)&"m ","")&IF(AND(I15>=10,MOD(I15,60)<10),"0","")&ROUNDDOWN(MOD(I15,60),0)&"s") -> 3m 24s | K15: =IF(COUNTA(C15:C1654)=0,"",K14+IF(H15>0,H15,0)) -> 3664 | L15: =IFS(AND(COUNTA(C15:C1654)=0,COUNTA(Q15:Q1654)=0),"",OR(AND(K15>=1000000000,OR(Y15>=1000000000,COUNTA(Q15:Q1654)=0)),OR(Y15>=1000000000,AND(COUNTA(C15:C1654)=0,P$3=TRUE))),AF$1, AND(K15<1000000000,COUNTA(C15:C1654)>0,P$3=FALSE),TRUNC(LARGE(W$4:W1654,COUNTIF(Y$4:Y1654,">"&K15)+1)+(K15-LARGE(Y$4:Y1654,COUNTIF(Y$4:Y1654,">"&K15)+1))/LARGE(T$4:T1654,COUNTIF(Y$4:Y1654,">"&K15)+1)-I15,5),1, TRUNC(W15-LARGE(I$4:I1654,COUNTIF(K$4:K1654,">"&Y15)+1)-(Y15-LARGE(K$4:K1654,COUNTIF(K$4:K1654,">"&Y15)+1))/LARGE(F$4:F1654,COUNTIF(K$4:K1654,">"&Y15)+1),5)) -> 0 | M15: =IFERROR(__xludf.DUMMYFUNCTION("IFS(AND(COUNTA(C15:C1644)=0,COUNTA(Q15:Q1644)=0),"""",OR(AND(K15>=1000000000,OR(Y15>=1000000000,COUNTA(Q15:Q1644)=0)),OR(Y15>=1000000000,AND(COUNTA(C15:C1644)=0,P$3=TRUE))), ROUNDDOWN((AB$1-AC$1)*MAX(INDEX(T$4:T1644,MATCH(LARGE(FILTER(Y$4:Y1644,Y$4:Y1644<"&"1000000000),1),Y$4:Y1644)),INDEX(F$4:F1644,MATCH(LARGE(FILTER(K$4:K1644,K$4:K1644<1000000000),1),K$4:K1644)))),AND(K15<1000000000,COUNTA(C15:C1644)>0,P$3=FALSE), ROUNDDOWN(INDEX(Y$4:Y1644,MATCH(LARGE(FILTER(W$4:W1644,W$4:W1644<=I15),1),W$4:W1644))+(I15-LA"&"RGE(FILTER(W$4:W1644,W$4:W1644<=I15),1))*INDEX(T$4:T1644,MATCH(LARGE(FILTER(W$4:W1644,W$4:W1644<=I15),1),W$4:W1644))-K15),1, ROUNDDOWN(Y15-INDEX(K$4:K1644,MATCH(LARGE(FILTER(I$4:I1644,I$4:I1644<=W15),1),I$4:I1644))-(W15-LARGE(FILTER(I$4:I1644,I$4:I1644<=W"&"15),1))*INDEX(F$4:F1644,MATCH(LARGE(FILTER(I$4:I1644,I$4:I1644<=W15),1),I$4:I1644))))"),0.0) -> 0 | N15: =IF(ABS(L15)>=10000,TEXT(ROUND(L15,1),"#.#")&IF(RIGHT(TEXT(ROUND(L15,1),"#.#"))=",","0",""),L15) -> 0 | O15: =IF(ABS(M15)<1000000,M15,IF(ABS(M15)<1000000000,TEXT(ROUND(M15/1000000,1),"#.#")&IF(RIGHT(TEXT(ROUND(M15/1000000,1),"#.#"))=",","0","")&"M",TEXT(ROUND(M15/1000000000,1),"#.#")&IF(RIGHT(TEXT(ROUND(M15/1000000000,1),"#.#"))=",","0","")&"B")) -> 0 | P15: =IF(COUNTA(Q15:Q1654)=0,"",COUNTIF(Q$4:Q15,Q15)-COUNTIF(Q$4:Q15,"Sell_"&Q15)) -> 5 | Q15: Farm | R15: =IFERROR(__xludf.DUMMYFUNCTION("IF(COUNTA(Q15:Q1644)=0,"""",IF(ISBLANK(Q15),FALSE,IF(NOT(COUNTIF($AA$24:$AA$34,SUBSTITUTE(Q15,""Sell_"",""""))),1,IF(REGEXMATCH(Q15,""Sell_""),IF(COUNTIF(Q$4:Q15,SUBSTITUTE(Q15,""Sell_"",""""))-COUNTIF(Q$4:Q14,Q15)<1,1),FALSE))))"),FALSE) -> FALSE | S15: {=IF(COUNTA(Q15:Q1644)=0,"",SUM((COUNTIF(Q$4:Q15,Upgrades!$B$3:$B$13)-COUNTIF(Q$4:Q15,"Sell_"&Upgrades!$B$3:$B$13))*Upgrades!$D$3:$D$13))} -> 21.4 | T15: =IFERROR(__xludf.DUMMYFUNCTION("IF(COUNTA(Q15:Q1644)=0,"""",IF(REGEXMATCH(INDEX(FILTER(Q$4:Q15,Q$4:Q15<>""""),ROWS(FILTER(Q$4:Q15,Q$4:Q15<>""""))),""^Sell_""),INDEX(FILTER(T$4:T14,Q$4:Q14<>""""),ROWS(FILTER(Q$4:Q14,Q$4:Q14<>""""))),$AD$5+S15))"),31.4) -> 31.4 | U15: =IFERROR(__xludf.DUMMYFUNCTION("IF(COUNTA(Q15:Q1644)=0,"""",IF(Q15="""",0,IF(REGEXMATCH(Q15,""^Sell_""),-ROUNDDOWN(ROUNDUP(INDEX(Upgrades!$C$3:$C$13,MATCH(SUBSTITUTE(Q15,""Sell_"",""""),Upgrades!$B$3:$B$13,0))*1.15^(COUNTIF(Q$4:Q14,SUBSTITUTE(Q15,""Sell_"",""""))-COUNTIF(Q$4:Q14,""Sell_"&"""&SUBSTITUTE(Q15,""Sell_"",""""))))/2),ROUNDUP(INDEX(Upgrades!$C$3:$C$13,MATCH(Q15,Upgrades!$B$3:$B$13,0))*1.15^(COUNTIF(Q$4:Q14,Q15)-COUNTIF(Q$4:Q14,""Sell_""&Q15))))))"),875.0) -> 875 | V15: =IF(COUNTA(Q15:Q1654)=0,"",U15+IF(V14<0,V14)) -> 875 | W15: =IF(COUNTA(Q15:Q1654)=0,"",W14+IF(V15>0,V15,0)/T14) -> 204.97737 | X15: =IF(COUNTA(Q15:Q1654)=0,"",IF(W15>3600,TRUNC(W15/3600)&"h ","")&IF(W15>59,IF(AND(W15>3599,QUOTIENT(MOD(W15,3600),60)<10),"0","")&QUOTIENT(MOD(W15,3600),60)&"m ","")&IF(AND(W15>=10,MOD(W15,60)<10),"0","")&ROUNDDOWN(MOD(W15,60),0)&"s") -> 3m 24s | Y15: =IF(COUNTA(Q15:Q1654)=0,"",Y14+IF(V15>0,V15,0)) -> 3664 | AA15: Don't add or remove any row. If you need more rows, you
B16: =IF(COUNTA(C16:C1655)=0,"",COUNTIF(C$4:C16,C16)-COUNTIF(C$4:C16,"Sell_"&C16)) -> 3 | C16: Grandma | D16: =IFERROR(__xludf.DUMMYFUNCTION("IF(COUNTA(C16:C1644)=0,"""",IF(ISBLANK(C16),FALSE,IF(NOT(COUNTIF($AA$24:$AA$34,SUBSTITUTE(C16,""Sell_"",""""))),1,IF(REGEXMATCH(C16,""Sell_""),IF(COUNTIF(C$4:C16,SUBSTITUTE(C16,""Sell_"",""""))-COUNTIF(C$4:C15,C16)<1,1),FALSE))))"),FALSE) -> FALSE | E16: {=IF(COUNTA(C16:C1644)=0,"",SUM((COUNTIF(C$4:C16,Upgrades!$B$3:$B$13)-COUNTIF(C$4:C16,"Sell_"&Upgrades!$B$3:$B$13))*Upgrades!$D$3:$D$13))} -> 21.9 | F16: =IFERROR(__xludf.DUMMYFUNCTION("IF(COUNTA(C16:C1644)=0,"""",IF(REGEXMATCH(INDEX(FILTER(C$4:C16,C$4:C16<>""""),ROWS(FILTER(C$4:C16,C$4:C16<>""""))),""^Sell_""),INDEX(FILTER(F$4:F15,C$4:C15<>""""),ROWS(FILTER(C$4:C15,C$4:C15<>""""))),$AC$5+E16))"),31.9) -> 31.9 | G16: =IFERROR(__xludf.DUMMYFUNCTION("IF(COUNTA(C16:C1644)=0,"""",IF(C16="""",0,IF(REGEXMATCH(C16,""^Sell_""),-ROUNDDOWN(ROUNDUP(INDEX(Upgrades!$C$3:$C$13,MATCH(SUBSTITUTE(C16,""Sell_"",""""),Upgrades!$B$3:$B$13,0))*1.15^(COUNTIF(C$4:C15,SUBSTITUTE(C16,""Sell_"",""""))-COUNTIF(C$4:C15,""Sell_"&"""&SUBSTITUTE(C16,""Sell_"",""""))))/2),ROUNDUP(INDEX(Upgrades!$C$3:$C$13,MATCH(C16,Upgrades!$B$3:$B$13,0))*1.15^(COUNTIF(C$4:C15,C16)-COUNTIF(C$4:C15,""Sell_""&C16))))))"),133.0) -> 133 | H16: =IF(COUNTA(C16:C1655)=0,"",G16+IF(H15<0,H15)) -> 133 | I16: =IF(COUNTA(C16:C1655)=0,"",I15+IF(H16>0,H16,0)/F15) -> 209.21304 | J16: =IF(COUNTA(C16:C1655)=0,"",IF(I16>3600,TRUNC(I16/3600)&"h ","")&IF(I16>59,IF(AND(I16>3599,QUOTIENT(MOD(I16,3600),60)<10),"0","")&QUOTIENT(MOD(I16,3600),60)&"m ","")&IF(AND(I16>=10,MOD(I16,60)<10),"0","")&ROUNDDOWN(MOD(I16,60),0)&"s") -> 3m 29s | K16: =IF(COUNTA(C16:C1655)=0,"",K15+IF(H16>0,H16,0)) -> 3797 | L16: =IFS(AND(COUNTA(C16:C1655)=0,COUNTA(Q16:Q1655)=0),"",OR(AND(K16>=1000000000,OR(Y16>=1000000000,COUNTA(Q16:Q1655)=0)),OR(Y16>=1000000000,AND(COUNTA(C16:C1655)=0,P$3=TRUE))),AF$1, AND(K16<1000000000,COUNTA(C16:C1655)>0,P$3=FALSE),TRUNC(LARGE(W$4:W1655,COUNTIF(Y$4:Y1655,">"&K16)+1)+(K16-LARGE(Y$4:Y1655,COUNTIF(Y$4:Y1655,">"&K16)+1))/LARGE(T$4:T1655,COUNTIF(Y$4:Y1655,">"&K16)+1)-I16,5),1, TRUNC(W16-LARGE(I$4:I1655,COUNTIF(K$4:K1655,">"&Y16)+1)-(Y16-LARGE(K$4:K1655,COUNTIF(K$4:K1655,">"&Y16)+1))/LARGE(F$4:F1655,COUNTIF(K$4:K1655,">"&Y16)+1),5)) -> 0 | M16: =IFERROR(__xludf.DUMMYFUNCTION("IFS(AND(COUNTA(C16:C1644)=0,COUNTA(Q16:Q1644)=0),"""",OR(AND(K16>=1000000000,OR(Y16>=1000000000,COUNTA(Q16:Q1644)=0)),OR(Y16>=1000000000,AND(COUNTA(C16:C1644)=0,P$3=TRUE))), ROUNDDOWN((AB$1-AC$1)*MAX(INDEX(T$4:T1644,MATCH(LARGE(FILTER(Y$4:Y1644,Y$4:Y1644<"&"1000000000),1),Y$4:Y1644)),INDEX(F$4:F1644,MATCH(LARGE(FILTER(K$4:K1644,K$4:K1644<1000000000),1),K$4:K1644)))),AND(K16<1000000000,COUNTA(C16:C1644)>0,P$3=FALSE), ROUNDDOWN(INDEX(Y$4:Y1644,MATCH(LARGE(FILTER(W$4:W1644,W$4:W1644<=I16),1),W$4:W1644))+(I16-LA"&"RGE(FILTER(W$4:W1644,W$4:W1644<=I16),1))*INDEX(T$4:T1644,MATCH(LARGE(FILTER(W$4:W1644,W$4:W1644<=I16),1),W$4:W1644))-K16),1, ROUNDDOWN(Y16-INDEX(K$4:K1644,MATCH(LARGE(FILTER(I$4:I1644,I$4:I1644<=W16),1),I$4:I1644))-(W16-LARGE(FILTER(I$4:I1644,I$4:I1644<=W"&"16),1))*INDEX(F$4:F1644,MATCH(LARGE(FILTER(I$4:I1644,I$4:I1644<=W16),1),I$4:I1644))))"),0.0) -> 0 | N16: =IF(ABS(L16)>=10000,TEXT(ROUND(L16,1),"#.#")&IF(RIGHT(TEXT(ROUND(L16,1),"#.#"))=",","0",""),L16) -> 0 | O16: =IF(ABS(M16)<1000000,M16,IF(ABS(M16)<1000000000,TEXT(ROUND(M16/1000000,1),"#.#")&IF(RIGHT(TEXT(ROUND(M16/1000000,1),"#.#"))=",","0","")&"M",TEXT(ROUND(M16/1000000000,1),"#.#")&IF(RIGHT(TEXT(ROUND(M16/1000000000,1),"#.#"))=",","0","")&"B")) -> 0 | P16: =IF(COUNTA(Q16:Q1655)=0,"",COUNTIF(Q$4:Q16,Q16)-COUNTIF(Q$4:Q16,"Sell_"&Q16)) -> 3 | Q16: Grandma | R16: =IFERROR(__xludf.DUMMYFUNCTION("IF(COUNTA(Q16:Q1644)=0,"""",IF(ISBLANK(Q16),FALSE,IF(NOT(COUNTIF($AA$24:$AA$34,SUBSTITUTE(Q16,""Sell_"",""""))),1,IF(REGEXMATCH(Q16,""Sell_""),IF(COUNTIF(Q$4:Q16,SUBSTITUTE(Q16,""Sell_"",""""))-COUNTIF(Q$4:Q15,Q16)<1,1),FALSE))))"),FALSE) -> FALSE | S16: {=IF(COUNTA(Q16:Q1644)=0,"",SUM((COUNTIF(Q$4:Q16,Upgrades!$B$3:$B$13)-COUNTIF(Q$4:Q16,"Sell_"&Upgrades!$B$3:$B$13))*Upgrades!$D$3:$D$13))} -> 21.9 | T16: =IFERROR(__xludf.DUMMYFUNCTION("IF(COUNTA(Q16:Q1644)=0,"""",IF(REGEXMATCH(INDEX(FILTER(Q$4:Q16,Q$4:Q16<>""""),ROWS(FILTER(Q$4:Q16,Q$4:Q16<>""""))),""^Sell_""),INDEX(FILTER(T$4:T15,Q$4:Q15<>""""),ROWS(FILTER(Q$4:Q15,Q$4:Q15<>""""))),$AD$5+S16))"),31.9) -> 31.9 | U16: =IFERROR(__xludf.DUMMYFUNCTION("IF(COUNTA(Q16:Q1644)=0,"""",IF(Q16="""",0,IF(REGEXMATCH(Q16,""^Sell_""),-ROUNDDOWN(ROUNDUP(INDEX(Upgrades!$C$3:$C$13,MATCH(SUBSTITUTE(Q16,""Sell_"",""""),Upgrades!$B$3:$B$13,0))*1.15^(COUNTIF(Q$4:Q15,SUBSTITUTE(Q16,""Sell_"",""""))-COUNTIF(Q$4:Q15,""Sell_"&"""&SUBSTITUTE(Q16,""Sell_"",""""))))/2),ROUNDUP(INDEX(Upgrades!$C$3:$C$13,MATCH(Q16,Upgrades!$B$3:$B$13,0))*1.15^(COUNTIF(Q$4:Q15,Q16)-COUNTIF(Q$4:Q15,""Sell_""&Q16))))))"),133.0) -> 133 | V16: =IF(COUNTA(Q16:Q1655)=0,"",U16+IF(V15<0,V15)) -> 133 | W16: =IF(COUNTA(Q16:Q1655)=0,"",W15+IF(V16>0,V16,0)/T15) -> 209.21304 | X16: =IF(COUNTA(Q16:Q1655)=0,"",IF(W16>3600,TRUNC(W16/3600)&"h ","")&IF(W16>59,IF(AND(W16>3599,QUOTIENT(MOD(W16,3600),60)<10),"0","")&QUOTIENT(MOD(W16,3600),60)&"m ","")&IF(AND(W16>=10,MOD(W16,60)<10),"0","")&ROUNDDOWN(MOD(W16,60),0)&"s") -> 3m 29s | Y16: =IF(COUNTA(Q16:Q1655)=0,"",Y15+IF(V16>0,V16,0)) -> 3797 | AA16: need to extend all the formulas, if you know how to do it.
B17: =IF(COUNTA(C17:C1656)=0,"",COUNTIF(C$4:C17,C17)-COUNTIF(C$4:C17,"Sell_"&C17)) -> 5 | C17: Cursor | D17: =IFERROR(__xludf.DUMMYFUNCTION("IF(COUNTA(C17:C1644)=0,"""",IF(ISBLANK(C17),FALSE,IF(NOT(COUNTIF($AA$24:$AA$34,SUBSTITUTE(C17,""Sell_"",""""))),1,IF(REGEXMATCH(C17,""Sell_""),IF(COUNTIF(C$4:C17,SUBSTITUTE(C17,""Sell_"",""""))-COUNTIF(C$4:C16,C17)<1,1),FALSE))))"),FALSE) -> FALSE | E17: {=IF(COUNTA(C17:C1644)=0,"",SUM((COUNTIF(C$4:C17,Upgrades!$B$3:$B$13)-COUNTIF(C$4:C17,"Sell_"&Upgrades!$B$3:$B$13))*Upgrades!$D$3:$D$13))} -> 22 | F17: =IFERROR(__xludf.DUMMYFUNCTION("IF(COUNTA(C17:C1644)=0,"""",IF(REGEXMATCH(INDEX(FILTER(C$4:C17,C$4:C17<>""""),ROWS(FILTER(C$4:C17,C$4:C17<>""""))),""^Sell_""),INDEX(FILTER(F$4:F16,C$4:C16<>""""),ROWS(FILTER(C$4:C16,C$4:C16<>""""))),$AC$5+E17))"),32.0) -> 32 | G17: =IFERROR(__xludf.DUMMYFUNCTION("IF(COUNTA(C17:C1644)=0,"""",IF(C17="""",0,IF(REGEXMATCH(C17,""^Sell_""),-ROUNDDOWN(ROUNDUP(INDEX(Upgrades!$C$3:$C$13,MATCH(SUBSTITUTE(C17,""Sell_"",""""),Upgrades!$B$3:$B$13,0))*1.15^(COUNTIF(C$4:C16,SUBSTITUTE(C17,""Sell_"",""""))-COUNTIF(C$4:C16,""Sell_"&"""&SUBSTITUTE(C17,""Sell_"",""""))))/2),ROUNDUP(INDEX(Upgrades!$C$3:$C$13,MATCH(C17,Upgrades!$B$3:$B$13,0))*1.15^(COUNTIF(C$4:C16,C17)-COUNTIF(C$4:C16,""Sell_""&C17))))))"),27.0) -> 27 | H17: =IF(COUNTA(C17:C1656)=0,"",G17+IF(H16<0,H16)) -> 27 | I17: =IF(COUNTA(C17:C1656)=0,"",I16+IF(H17>0,H17,0)/F16) -> 210.05944 | J17: =IF(COUNTA(C17:C1656)=0,"",IF(I17>3600,TRUNC(I17/3600)&"h ","")&IF(I17>59,IF(AND(I17>3599,QUOTIENT(MOD(I17,3600),60)<10),"0","")&QUOTIENT(MOD(I17,3600),60)&"m ","")&IF(AND(I17>=10,MOD(I17,60)<10),"0","")&ROUNDDOWN(MOD(I17,60),0)&"s") -> 3m 30s | K17: =IF(COUNTA(C17:C1656)=0,"",K16+IF(H17>0,H17,0)) -> 3824 | L17: =IFS(AND(COUNTA(C17:C1656)=0,COUNTA(Q17:Q1656)=0),"",OR(AND(K17>=1000000000,OR(Y17>=1000000000,COUNTA(Q17:Q1656)=0)),OR(Y17>=1000000000,AND(COUNTA(C17:C1656)=0,P$3=TRUE))),AF$1, AND(K17<1000000000,COUNTA(C17:C1656)>0,P$3=FALSE),TRUNC(LARGE(W$4:W1656,COUNTIF(Y$4:Y1656,">"&K17)+1)+(K17-LARGE(Y$4:Y1656,COUNTIF(Y$4:Y1656,">"&K17)+1))/LARGE(T$4:T1656,COUNTIF(Y$4:Y1656,">"&K17)+1)-I17,5),1, TRUNC(W17-LARGE(I$4:I1656,COUNTIF(K$4:K1656,">"&Y17)+1)-(Y17-LARGE(K$4:K1656,COUNTIF(K$4:K1656,">"&Y17)+1))/LARGE(F$4:F1656,COUNTIF(K$4:K1656,">"&Y17)+1),5)) -> 0 | M17: =IFERROR(__xludf.DUMMYFUNCTION("IFS(AND(COUNTA(C17:C1644)=0,COUNTA(Q17:Q1644)=0),"""",OR(AND(K17>=1000000000,OR(Y17>=1000000000,COUNTA(Q17:Q1644)=0)),OR(Y17>=1000000000,AND(COUNTA(C17:C1644)=0,P$3=TRUE))), ROUNDDOWN((AB$1-AC$1)*MAX(INDEX(T$4:T1644,MATCH(LARGE(FILTER(Y$4:Y1644,Y$4:Y1644<"&"1000000000),1),Y$4:Y1644)),INDEX(F$4:F1644,MATCH(LARGE(FILTER(K$4:K1644,K$4:K1644<1000000000),1),K$4:K1644)))),AND(K17<1000000000,COUNTA(C17:C1644)>0,P$3=FALSE), ROUNDDOWN(INDEX(Y$4:Y1644,MATCH(LARGE(FILTER(W$4:W1644,W$4:W1644<=I17),1),W$4:W1644))+(I17-LA"&"RGE(FILTER(W$4:W1644,W$4:W1644<=I17),1))*INDEX(T$4:T1644,MATCH(LARGE(FILTER(W$4:W1644,W$4:W1644<=I17),1),W$4:W1644))-K17),1, ROUNDDOWN(Y17-INDEX(K$4:K1644,MATCH(LARGE(FILTER(I$4:I1644,I$4:I1644<=W17),1),I$4:I1644))-(W17-LARGE(FILTER(I$4:I1644,I$4:I1644<=W"&"17),1))*INDEX(F$4:F1644,MATCH(LARGE(FILTER(I$4:I1644,I$4:I1644<=W17),1),I$4:I1644))))"),0.0) -> 0 | N17: =IF(ABS(L17)>=10000,TEXT(ROUND(L17,1),"#.#")&IF(RIGHT(TEXT(ROUND(L17,1),"#.#"))=",","0",""),L17) -> 0 | O17: =IF(ABS(M17)<1000000,M17,IF(ABS(M17)<1000000000,TEXT(ROUND(M17/1000000,1),"#.#")&IF(RIGHT(TEXT(ROUND(M17/1000000,1),"#.#"))=",","0","")&"M",TEXT(ROUND(M17/1000000000,1),"#.#")&IF(RIGHT(TEXT(ROUND(M17/1000000000,1),"#.#"))=",","0","")&"B")) -> 0 | P17: =IF(COUNTA(Q17:Q1656)=0,"",COUNTIF(Q$4:Q17,Q17)-COUNTIF(Q$4:Q17,"Sell_"&Q17)) -> 5 | Q17: Cursor | R17: =IFERROR(__xludf.DUMMYFUNCTION("IF(COUNTA(Q17:Q1644)=0,"""",IF(ISBLANK(Q17),FALSE,IF(NOT(COUNTIF($AA$24:$AA$34,SUBSTITUTE(Q17,""Sell_"",""""))),1,IF(REGEXMATCH(Q17,""Sell_""),IF(COUNTIF(Q$4:Q17,SUBSTITUTE(Q17,""Sell_"",""""))-COUNTIF(Q$4:Q16,Q17)<1,1),FALSE))))"),FALSE) -> FALSE | S17: {=IF(COUNTA(Q17:Q1644)=0,"",SUM((COUNTIF(Q$4:Q17,Upgrades!$B$3:$B$13)-COUNTIF(Q$4:Q17,"Sell_"&Upgrades!$B$3:$B$13))*Upgrades!$D$3:$D$13))} -> 22 | T17: =IFERROR(__xludf.DUMMYFUNCTION("IF(COUNTA(Q17:Q1644)=0,"""",IF(REGEXMATCH(INDEX(FILTER(Q$4:Q17,Q$4:Q17<>""""),ROWS(FILTER(Q$4:Q17,Q$4:Q17<>""""))),""^Sell_""),INDEX(FILTER(T$4:T16,Q$4:Q16<>""""),ROWS(FILTER(Q$4:Q16,Q$4:Q16<>""""))),$AD$5+S17))"),32.0) -> 32 | U17: =IFERROR(__xludf.DUMMYFUNCTION("IF(COUNTA(Q17:Q1644)=0,"""",IF(Q17="""",0,IF(REGEXMATCH(Q17,""^Sell_""),-ROUNDDOWN(ROUNDUP(INDEX(Upgrades!$C$3:$C$13,MATCH(SUBSTITUTE(Q17,""Sell_"",""""),Upgrades!$B$3:$B$13,0))*1.15^(COUNTIF(Q$4:Q16,SUBSTITUTE(Q17,""Sell_"",""""))-COUNTIF(Q$4:Q16,""Sell_"&"""&SUBSTITUTE(Q17,""Sell_"",""""))))/2),ROUNDUP(INDEX(Upgrades!$C$3:$C$13,MATCH(Q17,Upgrades!$B$3:$B$13,0))*1.15^(COUNTIF(Q$4:Q16,Q17)-COUNTIF(Q$4:Q16,""Sell_""&Q17))))))"),27.0) -> 27 | V17: =IF(COUNTA(Q17:Q1656)=0,"",U17+IF(V16<0,V16)) -> 27 | W17: =IF(COUNTA(Q17:Q1656)=0,"",W16+IF(V17>0,V17,0)/T16) -> 210.05944 | X17: =IF(COUNTA(Q17:Q1656)=0,"",IF(W17>3600,TRUNC(W17/3600)&"h ","")&IF(W17>59,IF(AND(W17>3599,QUOTIENT(MOD(W17,3600),60)<10),"0","")&QUOTIENT(MOD(W17,3600),60)&"m ","")&IF(AND(W17>=10,MOD(W17,60)<10),"0","")&ROUNDDOWN(MOD(W17,60),0)&"s") -> 3m 30s | Y17: =IF(COUNTA(Q17:Q1656)=0,"",Y16+IF(V17>0,V17,0)) -> 3824
B18: =IF(COUNTA(C18:C1657)=0,"",COUNTIF(C$4:C18,C18)-COUNTIF(C$4:C18,"Sell_"&C18)) -> 6 | C18: Farm | D18: =IFERROR(__xludf.DUMMYFUNCTION("IF(COUNTA(C18:C1644)=0,"""",IF(ISBLANK(C18),FALSE,IF(NOT(COUNTIF($AA$24:$AA$34,SUBSTITUTE(C18,""Sell_"",""""))),1,IF(REGEXMATCH(C18,""Sell_""),IF(COUNTIF(C$4:C18,SUBSTITUTE(C18,""Sell_"",""""))-COUNTIF(C$4:C17,C18)<1,1),FALSE))))"),FALSE) -> FALSE | E18: {=IF(COUNTA(C18:C1644)=0,"",SUM((COUNTIF(C$4:C18,Upgrades!$B$3:$B$13)-COUNTIF(C$4:C18,"Sell_"&Upgrades!$B$3:$B$13))*Upgrades!$D$3:$D$13))} -> 26 | F18: =IFERROR(__xludf.DUMMYFUNCTION("IF(COUNTA(C18:C1644)=0,"""",IF(REGEXMATCH(INDEX(FILTER(C$4:C18,C$4:C18<>""""),ROWS(FILTER(C$4:C18,C$4:C18<>""""))),""^Sell_""),INDEX(FILTER(F$4:F17,C$4:C17<>""""),ROWS(FILTER(C$4:C17,C$4:C17<>""""))),$AC$5+E18))"),36.0) -> 36 | G18: =IFERROR(__xludf.DUMMYFUNCTION("IF(COUNTA(C18:C1644)=0,"""",IF(C18="""",0,IF(REGEXMATCH(C18,""^Sell_""),-ROUNDDOWN(ROUNDUP(INDEX(Upgrades!$C$3:$C$13,MATCH(SUBSTITUTE(C18,""Sell_"",""""),Upgrades!$B$3:$B$13,0))*1.15^(COUNTIF(C$4:C17,SUBSTITUTE(C18,""Sell_"",""""))-COUNTIF(C$4:C17,""Sell_"&"""&SUBSTITUTE(C18,""Sell_"",""""))))/2),ROUNDUP(INDEX(Upgrades!$C$3:$C$13,MATCH(C18,Upgrades!$B$3:$B$13,0))*1.15^(COUNTIF(C$4:C17,C18)-COUNTIF(C$4:C17,""Sell_""&C18))))))"),1006.0) -> 1006 | H18: =IF(COUNTA(C18:C1657)=0,"",G18+IF(H17<0,H17)) -> 1006 | I18: =IF(COUNTA(C18:C1657)=0,"",I17+IF(H18>0,H18,0)/F17) -> 241.49694 | J18: =IF(COUNTA(C18:C1657)=0,"",IF(I18>3600,TRUNC(I18/3600)&"h ","")&IF(I18>59,IF(AND(I18>3599,QUOTIENT(MOD(I18,3600),60)<10),"0","")&QUOTIENT(MOD(I18,3600),60)&"m ","")&IF(AND(I18>=10,MOD(I18,60)<10),"0","")&ROUNDDOWN(MOD(I18,60),0)&"s") -> 4m 01s | K18: =IF(COUNTA(C18:C1657)=0,"",K17+IF(H18>0,H18,0)) -> 4830 | L18: =IFS(AND(COUNTA(C18:C1657)=0,COUNTA(Q18:Q1657)=0),"",OR(AND(K18>=1000000000,OR(Y18>=1000000000,COUNTA(Q18:Q1657)=0)),OR(Y18>=1000000000,AND(COUNTA(C18:C1657)=0,P$3=TRUE))),AF$1, AND(K18<1000000000,COUNTA(C18:C1657)>0,P$3=FALSE),TRUNC(LARGE(W$4:W1657,COUNTIF(Y$4:Y1657,">"&K18)+1)+(K18-LARGE(Y$4:Y1657,COUNTIF(Y$4:Y1657,">"&K18)+1))/LARGE(T$4:T1657,COUNTIF(Y$4:Y1657,">"&K18)+1)-I18,5),1, TRUNC(W18-LARGE(I$4:I1657,COUNTIF(K$4:K1657,">"&Y18)+1)-(Y18-LARGE(K$4:K1657,COUNTIF(K$4:K1657,">"&Y18)+1))/LARGE(F$4:F1657,COUNTIF(K$4:K1657,">"&Y18)+1),5)) -> 0 | M18: =IFERROR(__xludf.DUMMYFUNCTION("IFS(AND(COUNTA(C18:C1644)=0,COUNTA(Q18:Q1644)=0),"""",OR(AND(K18>=1000000000,OR(Y18>=1000000000,COUNTA(Q18:Q1644)=0)),OR(Y18>=1000000000,AND(COUNTA(C18:C1644)=0,P$3=TRUE))), ROUNDDOWN((AB$1-AC$1)*MAX(INDEX(T$4:T1644,MATCH(LARGE(FILTER(Y$4:Y1644,Y$4:Y1644<"&"1000000000),1),Y$4:Y1644)),INDEX(F$4:F1644,MATCH(LARGE(FILTER(K$4:K1644,K$4:K1644<1000000000),1),K$4:K1644)))),AND(K18<1000000000,COUNTA(C18:C1644)>0,P$3=FALSE), ROUNDDOWN(INDEX(Y$4:Y1644,MATCH(LARGE(FILTER(W$4:W1644,W$4:W1644<=I18),1),W$4:W1644))+(I18-LA"&"RGE(FILTER(W$4:W1644,W$4:W1644<=I18),1))*INDEX(T$4:T1644,MATCH(LARGE(FILTER(W$4:W1644,W$4:W1644<=I18),1),W$4:W1644))-K18),1, ROUNDDOWN(Y18-INDEX(K$4:K1644,MATCH(LARGE(FILTER(I$4:I1644,I$4:I1644<=W18),1),I$4:I1644))-(W18-LARGE(FILTER(I$4:I1644,I$4:I1644<=W"&"18),1))*INDEX(F$4:F1644,MATCH(LARGE(FILTER(I$4:I1644,I$4:I1644<=W18),1),I$4:I1644))))"),0.0) -> 0 | N18: =IF(ABS(L18)>=10000,TEXT(ROUND(L18,1),"#.#")&IF(RIGHT(TEXT(ROUND(L18,1),"#.#"))=",","0",""),L18) -> 0 | O18: =IF(ABS(M18)<1000000,M18,IF(ABS(M18)<1000000000,TEXT(ROUND(M18/1000000,1),"#.#")&IF(RIGHT(TEXT(ROUND(M18/1000000,1),"#.#"))=",","0","")&"M",TEXT(ROUND(M18/1000000000,1),"#.#")&IF(RIGHT(TEXT(ROUND(M18/1000000000,1),"#.#"))=",","0","")&"B")) -> 0 | P18: =IF(COUNTA(Q18:Q1657)=0,"",COUNTIF(Q$4:Q18,Q18)-COUNTIF(Q$4:Q18,"Sell_"&Q18)) -> 6 | Q18: Farm | R18: =IFERROR(__xludf.DUMMYFUNCTION("IF(COUNTA(Q18:Q1644)=0,"""",IF(ISBLANK(Q18),FALSE,IF(NOT(COUNTIF($AA$24:$AA$34,SUBSTITUTE(Q18,""Sell_"",""""))),1,IF(REGEXMATCH(Q18,""Sell_""),IF(COUNTIF(Q$4:Q18,SUBSTITUTE(Q18,""Sell_"",""""))-COUNTIF(Q$4:Q17,Q18)<1,1),FALSE))))"),FALSE) -> FALSE | S18: {=IF(COUNTA(Q18:Q1644)=0,"",SUM((COUNTIF(Q$4:Q18,Upgrades!$B$3:$B$13)-COUNTIF(Q$4:Q18,"Sell_"&Upgrades!$B$3:$B$13))*Upgrades!$D$3:$D$13))} -> 26 | T18: =IFERROR(__xludf.DUMMYFUNCTION("IF(COUNTA(Q18:Q1644)=0,"""",IF(REGEXMATCH(INDEX(FILTER(Q$4:Q18,Q$4:Q18<>""""),ROWS(FILTER(Q$4:Q18,Q$4:Q18<>""""))),""^Sell_""),INDEX(FILTER(T$4:T17,Q$4:Q17<>""""),ROWS(FILTER(Q$4:Q17,Q$4:Q17<>""""))),$AD$5+S18))"),36.0) -> 36 | U18: =IFERROR(__xludf.DUMMYFUNCTION("IF(COUNTA(Q18:Q1644)=0,"""",IF(Q18="""",0,IF(REGEXMATCH(Q18,""^Sell_""),-ROUNDDOWN(ROUNDUP(INDEX(Upgrades!$C$3:$C$13,MATCH(SUBSTITUTE(Q18,""Sell_"",""""),Upgrades!$B$3:$B$13,0))*1.15^(COUNTIF(Q$4:Q17,SUBSTITUTE(Q18,""Sell_"",""""))-COUNTIF(Q$4:Q17,""Sell_"&"""&SUBSTITUTE(Q18,""Sell_"",""""))))/2),ROUNDUP(INDEX(Upgrades!$C$3:$C$13,MATCH(Q18,Upgrades!$B$3:$B$13,0))*1.15^(COUNTIF(Q$4:Q17,Q18)-COUNTIF(Q$4:Q17,""Sell_""&Q18))))))"),1006.0) -> 1006 | V18: =IF(COUNTA(Q18:Q1657)=0,"",U18+IF(V17<0,V17)) -> 1006 | W18: =IF(COUNTA(Q18:Q1657)=0,"",W17+IF(V18>0,V18,0)/T17) -> 241.49694 | X18: =IF(COUNTA(Q18:Q1657)=0,"",IF(W18>3600,TRUNC(W18/3600)&"h ","")&IF(W18>59,IF(AND(W18>3599,QUOTIENT(MOD(W18,3600),60)<10),"0","")&QUOTIENT(MOD(W18,3600),60)&"m ","")&IF(AND(W18>=10,MOD(W18,60)<10),"0","")&ROUNDDOWN(MOD(W18,60),0)&"s") -> 4m 01s | Y18: =IF(COUNTA(Q18:Q1657)=0,"",Y17+IF(V18>0,V18,0)) -> 4830 | AA18: The Checkmark at the right of Δ Cookies is for switching the
B19: =IF(COUNTA(C19:C1658)=0,"",COUNTIF(C$4:C19,C19)-COUNTIF(C$4:C19,"Sell_"&C19)) -> 4 | C19: Grandma | D19: =IFERROR(__xludf.DUMMYFUNCTION("IF(COUNTA(C19:C1644)=0,"""",IF(ISBLANK(C19),FALSE,IF(NOT(COUNTIF($AA$24:$AA$34,SUBSTITUTE(C19,""Sell_"",""""))),1,IF(REGEXMATCH(C19,""Sell_""),IF(COUNTIF(C$4:C19,SUBSTITUTE(C19,""Sell_"",""""))-COUNTIF(C$4:C18,C19)<1,1),FALSE))))"),FALSE) -> FALSE | E19: {=IF(COUNTA(C19:C1644)=0,"",SUM((COUNTIF(C$4:C19,Upgrades!$B$3:$B$13)-COUNTIF(C$4:C19,"Sell_"&Upgrades!$B$3:$B$13))*Upgrades!$D$3:$D$13))} -> 26.5 | F19: =IFERROR(__xludf.DUMMYFUNCTION("IF(COUNTA(C19:C1644)=0,"""",IF(REGEXMATCH(INDEX(FILTER(C$4:C19,C$4:C19<>""""),ROWS(FILTER(C$4:C19,C$4:C19<>""""))),""^Sell_""),INDEX(FILTER(F$4:F18,C$4:C18<>""""),ROWS(FILTER(C$4:C18,C$4:C18<>""""))),$AC$5+E19))"),36.5) -> 36.5 | G19: =IFERROR(__xludf.DUMMYFUNCTION("IF(COUNTA(C19:C1644)=0,"""",IF(C19="""",0,IF(REGEXMATCH(C19,""^Sell_""),-ROUNDDOWN(ROUNDUP(INDEX(Upgrades!$C$3:$C$13,MATCH(SUBSTITUTE(C19,""Sell_"",""""),Upgrades!$B$3:$B$13,0))*1.15^(COUNTIF(C$4:C18,SUBSTITUTE(C19,""Sell_"",""""))-COUNTIF(C$4:C18,""Sell_"&"""&SUBSTITUTE(C19,""Sell_"",""""))))/2),ROUNDUP(INDEX(Upgrades!$C$3:$C$13,MATCH(C19,Upgrades!$B$3:$B$13,0))*1.15^(COUNTIF(C$4:C18,C19)-COUNTIF(C$4:C18,""Sell_""&C19))))))"),153.0) -> 153 | H19: =IF(COUNTA(C19:C1658)=0,"",G19+IF(H18<0,H18)) -> 153 | I19: =IF(COUNTA(C19:C1658)=0,"",I18+IF(H19>0,H19,0)/F18) -> 245.74694 | J19: =IF(COUNTA(C19:C1658)=0,"",IF(I19>3600,TRUNC(I19/3600)&"h ","")&IF(I19>59,IF(AND(I19>3599,QUOTIENT(MOD(I19,3600),60)<10),"0","")&QUOTIENT(MOD(I19,3600),60)&"m ","")&IF(AND(I19>=10,MOD(I19,60)<10),"0","")&ROUNDDOWN(MOD(I19,60),0)&"s") -> 4m 05s | K19: =IF(COUNTA(C19:C1658)=0,"",K18+IF(H19>0,H19,0)) -> 4983 | L19: =IFS(AND(COUNTA(C19:C1658)=0,COUNTA(Q19:Q1658)=0),"",OR(AND(K19>=1000000000,OR(Y19>=1000000000,COUNTA(Q19:Q1658)=0)),OR(Y19>=1000000000,AND(COUNTA(C19:C1658)=0,P$3=TRUE))),AF$1, AND(K19<1000000000,COUNTA(C19:C1658)>0,P$3=FALSE),TRUNC(LARGE(W$4:W1658,COUNTIF(Y$4:Y1658,">"&K19)+1)+(K19-LARGE(Y$4:Y1658,COUNTIF(Y$4:Y1658,">"&K19)+1))/LARGE(T$4:T1658,COUNTIF(Y$4:Y1658,">"&K19)+1)-I19,5),1, TRUNC(W19-LARGE(I$4:I1658,COUNTIF(K$4:K1658,">"&Y19)+1)-(Y19-LARGE(K$4:K1658,COUNTIF(K$4:K1658,">"&Y19)+1))/LARGE(F$4:F1658,COUNTIF(K$4:K1658,">"&Y19)+1),5)) -> 0 | M19: =IFERROR(__xludf.DUMMYFUNCTION("IFS(AND(COUNTA(C19:C1644)=0,COUNTA(Q19:Q1644)=0),"""",OR(AND(K19>=1000000000,OR(Y19>=1000000000,COUNTA(Q19:Q1644)=0)),OR(Y19>=1000000000,AND(COUNTA(C19:C1644)=0,P$3=TRUE))), ROUNDDOWN((AB$1-AC$1)*MAX(INDEX(T$4:T1644,MATCH(LARGE(FILTER(Y$4:Y1644,Y$4:Y1644<"&"1000000000),1),Y$4:Y1644)),INDEX(F$4:F1644,MATCH(LARGE(FILTER(K$4:K1644,K$4:K1644<1000000000),1),K$4:K1644)))),AND(K19<1000000000,COUNTA(C19:C1644)>0,P$3=FALSE), ROUNDDOWN(INDEX(Y$4:Y1644,MATCH(LARGE(FILTER(W$4:W1644,W$4:W1644<=I19),1),W$4:W1644))+(I19-LA"&"RGE(FILTER(W$4:W1644,W$4:W1644<=I19),1))*INDEX(T$4:T1644,MATCH(LARGE(FILTER(W$4:W1644,W$4:W1644<=I19),1),W$4:W1644))-K19),1, ROUNDDOWN(Y19-INDEX(K$4:K1644,MATCH(LARGE(FILTER(I$4:I1644,I$4:I1644<=W19),1),I$4:I1644))-(W19-LARGE(FILTER(I$4:I1644,I$4:I1644<=W"&"19),1))*INDEX(F$4:F1644,MATCH(LARGE(FILTER(I$4:I1644,I$4:I1644<=W19),1),I$4:I1644))))"),0.0) -> 0 | N19: =IF(ABS(L19)>=10000,TEXT(ROUND(L19,1),"#.#")&IF(RIGHT(TEXT(ROUND(L19,1),"#.#"))=",","0",""),L19) -> 0 | O19: =IF(ABS(M19)<1000000,M19,IF(ABS(M19)<1000000000,TEXT(ROUND(M19/1000000,1),"#.#")&IF(RIGHT(TEXT(ROUND(M19/1000000,1),"#.#"))=",","0","")&"M",TEXT(ROUND(M19/1000000000,1),"#.#")&IF(RIGHT(TEXT(ROUND(M19/1000000000,1),"#.#"))=",","0","")&"B")) -> 0 | P19: =IF(COUNTA(Q19:Q1658)=0,"",COUNTIF(Q$4:Q19,Q19)-COUNTIF(Q$4:Q19,"Sell_"&Q19)) -> 4 | Q19: Grandma | R19: =IFERROR(__xludf.DUMMYFUNCTION("IF(COUNTA(Q19:Q1644)=0,"""",IF(ISBLANK(Q19),FALSE,IF(NOT(COUNTIF($AA$24:$AA$34,SUBSTITUTE(Q19,""Sell_"",""""))),1,IF(REGEXMATCH(Q19,""Sell_""),IF(COUNTIF(Q$4:Q19,SUBSTITUTE(Q19,""Sell_"",""""))-COUNTIF(Q$4:Q18,Q19)<1,1),FALSE))))"),FALSE) -> FALSE | S19: {=IF(COUNTA(Q19:Q1644)=0,"",SUM((COUNTIF(Q$4:Q19,Upgrades!$B$3:$B$13)-COUNTIF(Q$4:Q19,"Sell_"&Upgrades!$B$3:$B$13))*Upgrades!$D$3:$D$13))} -> 26.5 | T19: =IFERROR(__xludf.DUMMYFUNCTION("IF(COUNTA(Q19:Q1644)=0,"""",IF(REGEXMATCH(INDEX(FILTER(Q$4:Q19,Q$4:Q19<>""""),ROWS(FILTER(Q$4:Q19,Q$4:Q19<>""""))),""^Sell_""),INDEX(FILTER(T$4:T18,Q$4:Q18<>""""),ROWS(FILTER(Q$4:Q18,Q$4:Q18<>""""))),$AD$5+S19))"),36.5) -> 36.5 | U19: =IFERROR(__xludf.DUMMYFUNCTION("IF(COUNTA(Q19:Q1644)=0,"""",IF(Q19="""",0,IF(REGEXMATCH(Q19,""^Sell_""),-ROUNDDOWN(ROUNDUP(INDEX(Upgrades!$C$3:$C$13,MATCH(SUBSTITUTE(Q19,""Sell_"",""""),Upgrades!$B$3:$B$13,0))*1.15^(COUNTIF(Q$4:Q18,SUBSTITUTE(Q19,""Sell_"",""""))-COUNTIF(Q$4:Q18,""Sell_"&"""&SUBSTITUTE(Q19,""Sell_"",""""))))/2),ROUNDUP(INDEX(Upgrades!$C$3:$C$13,MATCH(Q19,Upgrades!$B$3:$B$13,0))*1.15^(COUNTIF(Q$4:Q18,Q19)-COUNTIF(Q$4:Q18,""Sell_""&Q19))))))"),153.0) -> 153 | V19: =IF(COUNTA(Q19:Q1658)=0,"",U19+IF(V18<0,V18)) -> 153 | W19: =IF(COUNTA(Q19:Q1658)=0,"",W18+IF(V19>0,V19,0)/T18) -> 245.74694 | X19: =IF(COUNTA(Q19:Q1658)=0,"",IF(W19>3600,TRUNC(W19/3600)&"h ","")&IF(W19>59,IF(AND(W19>3599,QUOTIENT(MOD(W19,3600),60)<10),"0","")&QUOTIENT(MOD(W19,3600),60)&"m ","")&IF(AND(W19>=10,MOD(W19,60)<10),"0","")&ROUNDDOWN(MOD(W19,60),0)&"s") -> 4m 05s | Y19: =IF(COUNTA(Q19:Q1658)=0,"",Y18+IF(V19>0,V19,0)) -> 4983 | AA19: comparison method, might be useful if you get weird deltas.
B20: =IF(COUNTA(C20:C1659)=0,"",COUNTIF(C$4:C20,C20)-COUNTIF(C$4:C20,"Sell_"&C20)) -> 6 | C20: Cursor | D20: =IFERROR(__xludf.DUMMYFUNCTION("IF(COUNTA(C20:C1644)=0,"""",IF(ISBLANK(C20),FALSE,IF(NOT(COUNTIF($AA$24:$AA$34,SUBSTITUTE(C20,""Sell_"",""""))),1,IF(REGEXMATCH(C20,""Sell_""),IF(COUNTIF(C$4:C20,SUBSTITUTE(C20,""Sell_"",""""))-COUNTIF(C$4:C19,C20)<1,1),FALSE))))"),FALSE) -> FALSE | E20: {=IF(COUNTA(C20:C1644)=0,"",SUM((COUNTIF(C$4:C20,Upgrades!$B$3:$B$13)-COUNTIF(C$4:C20,"Sell_"&Upgrades!$B$3:$B$13))*Upgrades!$D$3:$D$13))} -> 26.6 | F20: =IFERROR(__xludf.DUMMYFUNCTION("IF(COUNTA(C20:C1644)=0,"""",IF(REGEXMATCH(INDEX(FILTER(C$4:C20,C$4:C20<>""""),ROWS(FILTER(C$4:C20,C$4:C20<>""""))),""^Sell_""),INDEX(FILTER(F$4:F19,C$4:C19<>""""),ROWS(FILTER(C$4:C19,C$4:C19<>""""))),$AC$5+E20))"),36.6) -> 36.6 | G20: =IFERROR(__xludf.DUMMYFUNCTION("IF(COUNTA(C20:C1644)=0,"""",IF(C20="""",0,IF(REGEXMATCH(C20,""^Sell_""),-ROUNDDOWN(ROUNDUP(INDEX(Upgrades!$C$3:$C$13,MATCH(SUBSTITUTE(C20,""Sell_"",""""),Upgrades!$B$3:$B$13,0))*1.15^(COUNTIF(C$4:C19,SUBSTITUTE(C20,""Sell_"",""""))-COUNTIF(C$4:C19,""Sell_"&"""&SUBSTITUTE(C20,""Sell_"",""""))))/2),ROUNDUP(INDEX(Upgrades!$C$3:$C$13,MATCH(C20,Upgrades!$B$3:$B$13,0))*1.15^(COUNTIF(C$4:C19,C20)-COUNTIF(C$4:C19,""Sell_""&C20))))))"),31.0) -> 31 | H20: =IF(COUNTA(C20:C1659)=0,"",G20+IF(H19<0,H19)) -> 31 | I20: =IF(COUNTA(C20:C1659)=0,"",I19+IF(H20>0,H20,0)/F19) -> 246.59625 | J20: =IF(COUNTA(C20:C1659)=0,"",IF(I20>3600,TRUNC(I20/3600)&"h ","")&IF(I20>59,IF(AND(I20>3599,QUOTIENT(MOD(I20,3600),60)<10),"0","")&QUOTIENT(MOD(I20,3600),60)&"m ","")&IF(AND(I20>=10,MOD(I20,60)<10),"0","")&ROUNDDOWN(MOD(I20,60),0)&"s") -> 4m 06s | K20: =IF(COUNTA(C20:C1659)=0,"",K19+IF(H20>0,H20,0)) -> 5014 | L20: =IFS(AND(COUNTA(C20:C1659)=0,COUNTA(Q20:Q1659)=0),"",OR(AND(K20>=1000000000,OR(Y20>=1000000000,COUNTA(Q20:Q1659)=0)),OR(Y20>=1000000000,AND(COUNTA(C20:C1659)=0,P$3=TRUE))),AF$1, AND(K20<1000000000,COUNTA(C20:C1659)>0,P$3=FALSE),TRUNC(LARGE(W$4:W1659,COUNTIF(Y$4:Y1659,">"&K20)+1)+(K20-LARGE(Y$4:Y1659,COUNTIF(Y$4:Y1659,">"&K20)+1))/LARGE(T$4:T1659,COUNTIF(Y$4:Y1659,">"&K20)+1)-I20,5),1, TRUNC(W20-LARGE(I$4:I1659,COUNTIF(K$4:K1659,">"&Y20)+1)-(Y20-LARGE(K$4:K1659,COUNTIF(K$4:K1659,">"&Y20)+1))/LARGE(F$4:F1659,COUNTIF(K$4:K1659,">"&Y20)+1),5)) -> 0 | M20: =IFERROR(__xludf.DUMMYFUNCTION("IFS(AND(COUNTA(C20:C1644)=0,COUNTA(Q20:Q1644)=0),"""",OR(AND(K20>=1000000000,OR(Y20>=1000000000,COUNTA(Q20:Q1644)=0)),OR(Y20>=1000000000,AND(COUNTA(C20:C1644)=0,P$3=TRUE))), ROUNDDOWN((AB$1-AC$1)*MAX(INDEX(T$4:T1644,MATCH(LARGE(FILTER(Y$4:Y1644,Y$4:Y1644<"&"1000000000),1),Y$4:Y1644)),INDEX(F$4:F1644,MATCH(LARGE(FILTER(K$4:K1644,K$4:K1644<1000000000),1),K$4:K1644)))),AND(K20<1000000000,COUNTA(C20:C1644)>0,P$3=FALSE), ROUNDDOWN(INDEX(Y$4:Y1644,MATCH(LARGE(FILTER(W$4:W1644,W$4:W1644<=I20),1),W$4:W1644))+(I20-LA"&"RGE(FILTER(W$4:W1644,W$4:W1644<=I20),1))*INDEX(T$4:T1644,MATCH(LARGE(FILTER(W$4:W1644,W$4:W1644<=I20),1),W$4:W1644))-K20),1, ROUNDDOWN(Y20-INDEX(K$4:K1644,MATCH(LARGE(FILTER(I$4:I1644,I$4:I1644<=W20),1),I$4:I1644))-(W20-LARGE(FILTER(I$4:I1644,I$4:I1644<=W"&"20),1))*INDEX(F$4:F1644,MATCH(LARGE(FILTER(I$4:I1644,I$4:I1644<=W20),1),I$4:I1644))))"),0.0) -> 0 | N20: =IF(ABS(L20)>=10000,TEXT(ROUND(L20,1),"#.#")&IF(RIGHT(TEXT(ROUND(L20,1),"#.#"))=",","0",""),L20) -> 0 | O20: =IF(ABS(M20)<1000000,M20,IF(ABS(M20)<1000000000,TEXT(ROUND(M20/1000000,1),"#.#")&IF(RIGHT(TEXT(ROUND(M20/1000000,1),"#.#"))=",","0","")&"M",TEXT(ROUND(M20/1000000000,1),"#.#")&IF(RIGHT(TEXT(ROUND(M20/1000000000,1),"#.#"))=",","0","")&"B")) -> 0 | P20: =IF(COUNTA(Q20:Q1659)=0,"",COUNTIF(Q$4:Q20,Q20)-COUNTIF(Q$4:Q20,"Sell_"&Q20)) -> 6 | Q20: Cursor | R20: =IFERROR(__xludf.DUMMYFUNCTION("IF(COUNTA(Q20:Q1644)=0,"""",IF(ISBLANK(Q20),FALSE,IF(NOT(COUNTIF($AA$24:$AA$34,SUBSTITUTE(Q20,""Sell_"",""""))),1,IF(REGEXMATCH(Q20,""Sell_""),IF(COUNTIF(Q$4:Q20,SUBSTITUTE(Q20,""Sell_"",""""))-COUNTIF(Q$4:Q19,Q20)<1,1),FALSE))))"),FALSE) -> FALSE | S20: {=IF(COUNTA(Q20:Q1644)=0,"",SUM((COUNTIF(Q$4:Q20,Upgrades!$B$3:$B$13)-COUNTIF(Q$4:Q20,"Sell_"&Upgrades!$B$3:$B$13))*Upgrades!$D$3:$D$13))} -> 26.6 | T20: =IFERROR(__xludf.DUMMYFUNCTION("IF(COUNTA(Q20:Q1644)=0,"""",IF(REGEXMATCH(INDEX(FILTER(Q$4:Q20,Q$4:Q20<>""""),ROWS(FILTER(Q$4:Q20,Q$4:Q20<>""""))),""^Sell_""),INDEX(FILTER(T$4:T19,Q$4:Q19<>""""),ROWS(FILTER(Q$4:Q19,Q$4:Q19<>""""))),$AD$5+S20))"),36.6) -> 36.6 | U20: =IFERROR(__xludf.DUMMYFUNCTION("IF(COUNTA(Q20:Q1644)=0,"""",IF(Q20="""",0,IF(REGEXMATCH(Q20,""^Sell_""),-ROUNDDOWN(ROUNDUP(INDEX(Upgrades!$C$3:$C$13,MATCH(SUBSTITUTE(Q20,""Sell_"",""""),Upgrades!$B$3:$B$13,0))*1.15^(COUNTIF(Q$4:Q19,SUBSTITUTE(Q20,""Sell_"",""""))-COUNTIF(Q$4:Q19,""Sell_"&"""&SUBSTITUTE(Q20,""Sell_"",""""))))/2),ROUNDUP(INDEX(Upgrades!$C$3:$C$13,MATCH(Q20,Upgrades!$B$3:$B$13,0))*1.15^(COUNTIF(Q$4:Q19,Q20)-COUNTIF(Q$4:Q19,""Sell_""&Q20))))))"),31.0) -> 31 | V20: =IF(COUNTA(Q20:Q1659)=0,"",U20+IF(V19<0,V19)) -> 31 | W20: =IF(COUNTA(Q20:Q1659)=0,"",W19+IF(V20>0,V20,0)/T19) -> 246.59625 | X20: =IF(COUNTA(Q20:Q1659)=0,"",IF(W20>3600,TRUNC(W20/3600)&"h ","")&IF(W20>59,IF(AND(W20>3599,QUOTIENT(MOD(W20,3600),60)<10),"0","")&QUOTIENT(MOD(W20,3600),60)&"m ","")&IF(AND(W20>=10,MOD(W20,60)<10),"0","")&ROUNDDOWN(MOD(W20,60),0)&"s") -> 4m 06s | Y20: =IF(COUNTA(Q20:Q1659)=0,"",Y19+IF(V20>0,V20,0)) -> 5014
B21: =IF(COUNTA(C21:C1660)=0,"",COUNTIF(C$4:C21,C21)-COUNTIF(C$4:C21,"Sell_"&C21)) -> 7 | C21: Farm | D21: =IFERROR(__xludf.DUMMYFUNCTION("IF(COUNTA(C21:C1644)=0,"""",IF(ISBLANK(C21),FALSE,IF(NOT(COUNTIF($AA$24:$AA$34,SUBSTITUTE(C21,""Sell_"",""""))),1,IF(REGEXMATCH(C21,""Sell_""),IF(COUNTIF(C$4:C21,SUBSTITUTE(C21,""Sell_"",""""))-COUNTIF(C$4:C20,C21)<1,1),FALSE))))"),FALSE) -> FALSE | E21: {=IF(COUNTA(C21:C1644)=0,"",SUM((COUNTIF(C$4:C21,Upgrades!$B$3:$B$13)-COUNTIF(C$4:C21,"Sell_"&Upgrades!$B$3:$B$13))*Upgrades!$D$3:$D$13))} -> 30.6 | F21: =IFERROR(__xludf.DUMMYFUNCTION("IF(COUNTA(C21:C1644)=0,"""",IF(REGEXMATCH(INDEX(FILTER(C$4:C21,C$4:C21<>""""),ROWS(FILTER(C$4:C21,C$4:C21<>""""))),""^Sell_""),INDEX(FILTER(F$4:F20,C$4:C20<>""""),ROWS(FILTER(C$4:C20,C$4:C20<>""""))),$AC$5+E21))"),40.6) -> 40.6 | G21: =IFERROR(__xludf.DUMMYFUNCTION("IF(COUNTA(C21:C1644)=0,"""",IF(C21="""",0,IF(REGEXMATCH(C21,""^Sell_""),-ROUNDDOWN(ROUNDUP(INDEX(Upgrades!$C$3:$C$13,MATCH(SUBSTITUTE(C21,""Sell_"",""""),Upgrades!$B$3:$B$13,0))*1.15^(COUNTIF(C$4:C20,SUBSTITUTE(C21,""Sell_"",""""))-COUNTIF(C$4:C20,""Sell_"&"""&SUBSTITUTE(C21,""Sell_"",""""))))/2),ROUNDUP(INDEX(Upgrades!$C$3:$C$13,MATCH(C21,Upgrades!$B$3:$B$13,0))*1.15^(COUNTIF(C$4:C20,C21)-COUNTIF(C$4:C20,""Sell_""&C21))))))"),1157.0) -> 1157 | H21: =IF(COUNTA(C21:C1660)=0,"",G21+IF(H20<0,H20)) -> 1157 | I21: =IF(COUNTA(C21:C1660)=0,"",I20+IF(H21>0,H21,0)/F20) -> 278.20828 | J21: =IF(COUNTA(C21:C1660)=0,"",IF(I21>3600,TRUNC(I21/3600)&"h ","")&IF(I21>59,IF(AND(I21>3599,QUOTIENT(MOD(I21,3600),60)<10),"0","")&QUOTIENT(MOD(I21,3600),60)&"m ","")&IF(AND(I21>=10,MOD(I21,60)<10),"0","")&ROUNDDOWN(MOD(I21,60),0)&"s") -> 4m 38s | K21: =IF(COUNTA(C21:C1660)=0,"",K20+IF(H21>0,H21,0)) -> 6171 | L21: =IFS(AND(COUNTA(C21:C1660)=0,COUNTA(Q21:Q1660)=0),"",OR(AND(K21>=1000000000,OR(Y21>=1000000000,COUNTA(Q21:Q1660)=0)),OR(Y21>=1000000000,AND(COUNTA(C21:C1660)=0,P$3=TRUE))),AF$1, AND(K21<1000000000,COUNTA(C21:C1660)>0,P$3=FALSE),TRUNC(LARGE(W$4:W1660,COUNTIF(Y$4:Y1660,">"&K21)+1)+(K21-LARGE(Y$4:Y1660,COUNTIF(Y$4:Y1660,">"&K21)+1))/LARGE(T$4:T1660,COUNTIF(Y$4:Y1660,">"&K21)+1)-I21,5),1, TRUNC(W21-LARGE(I$4:I1660,COUNTIF(K$4:K1660,">"&Y21)+1)-(Y21-LARGE(K$4:K1660,COUNTIF(K$4:K1660,">"&Y21)+1))/LARGE(F$4:F1660,COUNTIF(K$4:K1660,">"&Y21)+1),5)) -> 0 | M21: =IFERROR(__xludf.DUMMYFUNCTION("IFS(AND(COUNTA(C21:C1644)=0,COUNTA(Q21:Q1644)=0),"""",OR(AND(K21>=1000000000,OR(Y21>=1000000000,COUNTA(Q21:Q1644)=0)),OR(Y21>=1000000000,AND(COUNTA(C21:C1644)=0,P$3=TRUE))), ROUNDDOWN((AB$1-AC$1)*MAX(INDEX(T$4:T1644,MATCH(LARGE(FILTER(Y$4:Y1644,Y$4:Y1644<"&"1000000000),1),Y$4:Y1644)),INDEX(F$4:F1644,MATCH(LARGE(FILTER(K$4:K1644,K$4:K1644<1000000000),1),K$4:K1644)))),AND(K21<1000000000,COUNTA(C21:C1644)>0,P$3=FALSE), ROUNDDOWN(INDEX(Y$4:Y1644,MATCH(LARGE(FILTER(W$4:W1644,W$4:W1644<=I21),1),W$4:W1644))+(I21-LA"&"RGE(FILTER(W$4:W1644,W$4:W1644<=I21),1))*INDEX(T$4:T1644,MATCH(LARGE(FILTER(W$4:W1644,W$4:W1644<=I21),1),W$4:W1644))-K21),1, ROUNDDOWN(Y21-INDEX(K$4:K1644,MATCH(LARGE(FILTER(I$4:I1644,I$4:I1644<=W21),1),I$4:I1644))-(W21-LARGE(FILTER(I$4:I1644,I$4:I1644<=W"&"21),1))*INDEX(F$4:F1644,MATCH(LARGE(FILTER(I$4:I1644,I$4:I1644<=W21),1),I$4:I1644))))"),0.0) -> 0 | N21: =IF(ABS(L21)>=10000,TEXT(ROUND(L21,1),"#.#")&IF(RIGHT(TEXT(ROUND(L21,1),"#.#"))=",","0",""),L21) -> 0 | O21: =IF(ABS(M21)<1000000,M21,IF(ABS(M21)<1000000000,TEXT(ROUND(M21/1000000,1),"#.#")&IF(RIGHT(TEXT(ROUND(M21/1000000,1),"#.#"))=",","0","")&"M",TEXT(ROUND(M21/1000000000,1),"#.#")&IF(RIGHT(TEXT(ROUND(M21/1000000000,1),"#.#"))=",","0","")&"B")) -> 0 | P21: =IF(COUNTA(Q21:Q1660)=0,"",COUNTIF(Q$4:Q21,Q21)-COUNTIF(Q$4:Q21,"Sell_"&Q21)) -> 7 | Q21: Farm | R21: =IFERROR(__xludf.DUMMYFUNCTION("IF(COUNTA(Q21:Q1644)=0,"""",IF(ISBLANK(Q21),FALSE,IF(NOT(COUNTIF($AA$24:$AA$34,SUBSTITUTE(Q21,""Sell_"",""""))),1,IF(REGEXMATCH(Q21,""Sell_""),IF(COUNTIF(Q$4:Q21,SUBSTITUTE(Q21,""Sell_"",""""))-COUNTIF(Q$4:Q20,Q21)<1,1),FALSE))))"),FALSE) -> FALSE | S21: {=IF(COUNTA(Q21:Q1644)=0,"",SUM((COUNTIF(Q$4:Q21,Upgrades!$B$3:$B$13)-COUNTIF(Q$4:Q21,"Sell_"&Upgrades!$B$3:$B$13))*Upgrades!$D$3:$D$13))} -> 30.6 | T21: =IFERROR(__xludf.DUMMYFUNCTION("IF(COUNTA(Q21:Q1644)=0,"""",IF(REGEXMATCH(INDEX(FILTER(Q$4:Q21,Q$4:Q21<>""""),ROWS(FILTER(Q$4:Q21,Q$4:Q21<>""""))),""^Sell_""),INDEX(FILTER(T$4:T20,Q$4:Q20<>""""),ROWS(FILTER(Q$4:Q20,Q$4:Q20<>""""))),$AD$5+S21))"),40.6) -> 40.6 | U21: =IFERROR(__xludf.DUMMYFUNCTION("IF(COUNTA(Q21:Q1644)=0,"""",IF(Q21="""",0,IF(REGEXMATCH(Q21,""^Sell_""),-ROUNDDOWN(ROUNDUP(INDEX(Upgrades!$C$3:$C$13,MATCH(SUBSTITUTE(Q21,""Sell_"",""""),Upgrades!$B$3:$B$13,0))*1.15^(COUNTIF(Q$4:Q20,SUBSTITUTE(Q21,""Sell_"",""""))-COUNTIF(Q$4:Q20,""Sell_"&"""&SUBSTITUTE(Q21,""Sell_"",""""))))/2),ROUNDUP(INDEX(Upgrades!$C$3:$C$13,MATCH(Q21,Upgrades!$B$3:$B$13,0))*1.15^(COUNTIF(Q$4:Q20,Q21)-COUNTIF(Q$4:Q20,""Sell_""&Q21))))))"),1157.0) -> 1157 | V21: =IF(COUNTA(Q21:Q1660)=0,"",U21+IF(V20<0,V20)) -> 1157 | W21: =IF(COUNTA(Q21:Q1660)=0,"",W20+IF(V21>0,V21,0)/T20) -> 278.20828 | X21: =IF(COUNTA(Q21:Q1660)=0,"",IF(W21>3600,TRUNC(W21/3600)&"h ","")&IF(W21>59,IF(AND(W21>3599,QUOTIENT(MOD(W21,3600),60)<10),"0","")&QUOTIENT(MOD(W21,3600),60)&"m ","")&IF(AND(W21>=10,MOD(W21,60)<10),"0","")&ROUNDDOWN(MOD(W21,60),0)&"s") -> 4m 38s | Y21: =IF(COUNTA(Q21:Q1660)=0,"",Y20+IF(V21>0,V21,0)) -> 6171 | AA21: To sell things do Sell_Grandma, Sell_Cursor, Sell-Time etc.
B22: =IF(COUNTA(C22:C1661)=0,"",COUNTIF(C$4:C22,C22)-COUNTIF(C$4:C22,"Sell_"&C22)) -> 7 | C22: Cursor | D22: =IFERROR(__xludf.DUMMYFUNCTION("IF(COUNTA(C22:C1644)=0,"""",IF(ISBLANK(C22),FALSE,IF(NOT(COUNTIF($AA$24:$AA$34,SUBSTITUTE(C22,""Sell_"",""""))),1,IF(REGEXMATCH(C22,""Sell_""),IF(COUNTIF(C$4:C22,SUBSTITUTE(C22,""Sell_"",""""))-COUNTIF(C$4:C21,C22)<1,1),FALSE))))"),FALSE) -> FALSE | E22: {=IF(COUNTA(C22:C1644)=0,"",SUM((COUNTIF(C$4:C22,Upgrades!$B$3:$B$13)-COUNTIF(C$4:C22,"Sell_"&Upgrades!$B$3:$B$13))*Upgrades!$D$3:$D$13))} -> 30.7 | F22: =IFERROR(__xludf.DUMMYFUNCTION("IF(COUNTA(C22:C1644)=0,"""",IF(REGEXMATCH(INDEX(FILTER(C$4:C22,C$4:C22<>""""),ROWS(FILTER(C$4:C22,C$4:C22<>""""))),""^Sell_""),INDEX(FILTER(F$4:F21,C$4:C21<>""""),ROWS(FILTER(C$4:C21,C$4:C21<>""""))),$AC$5+E22))"),40.7) -> 40.7 | G22: =IFERROR(__xludf.DUMMYFUNCTION("IF(COUNTA(C22:C1644)=0,"""",IF(C22="""",0,IF(REGEXMATCH(C22,""^Sell_""),-ROUNDDOWN(ROUNDUP(INDEX(Upgrades!$C$3:$C$13,MATCH(SUBSTITUTE(C22,""Sell_"",""""),Upgrades!$B$3:$B$13,0))*1.15^(COUNTIF(C$4:C21,SUBSTITUTE(C22,""Sell_"",""""))-COUNTIF(C$4:C21,""Sell_"&"""&SUBSTITUTE(C22,""Sell_"",""""))))/2),ROUNDUP(INDEX(Upgrades!$C$3:$C$13,MATCH(C22,Upgrades!$B$3:$B$13,0))*1.15^(COUNTIF(C$4:C21,C22)-COUNTIF(C$4:C21,""Sell_""&C22))))))"),35.0) -> 35 | H22: =IF(COUNTA(C22:C1661)=0,"",G22+IF(H21<0,H21)) -> 35 | I22: =IF(COUNTA(C22:C1661)=0,"",I21+IF(H22>0,H22,0)/F21) -> 279.07034 | J22: =IF(COUNTA(C22:C1661)=0,"",IF(I22>3600,TRUNC(I22/3600)&"h ","")&IF(I22>59,IF(AND(I22>3599,QUOTIENT(MOD(I22,3600),60)<10),"0","")&QUOTIENT(MOD(I22,3600),60)&"m ","")&IF(AND(I22>=10,MOD(I22,60)<10),"0","")&ROUNDDOWN(MOD(I22,60),0)&"s") -> 4m 39s | K22: =IF(COUNTA(C22:C1661)=0,"",K21+IF(H22>0,H22,0)) -> 6206 | L22: =IFS(AND(COUNTA(C22:C1661)=0,COUNTA(Q22:Q1661)=0),"",OR(AND(K22>=1000000000,OR(Y22>=1000000000,COUNTA(Q22:Q1661)=0)),OR(Y22>=1000000000,AND(COUNTA(C22:C1661)=0,P$3=TRUE))),AF$1, AND(K22<1000000000,COUNTA(C22:C1661)>0,P$3=FALSE),TRUNC(LARGE(W$4:W1661,COUNTIF(Y$4:Y1661,">"&K22)+1)+(K22-LARGE(Y$4:Y1661,COUNTIF(Y$4:Y1661,">"&K22)+1))/LARGE(T$4:T1661,COUNTIF(Y$4:Y1661,">"&K22)+1)-I22,5),1, TRUNC(W22-LARGE(I$4:I1661,COUNTIF(K$4:K1661,">"&Y22)+1)-(Y22-LARGE(K$4:K1661,COUNTIF(K$4:K1661,">"&Y22)+1))/LARGE(F$4:F1661,COUNTIF(K$4:K1661,">"&Y22)+1),5)) -> 0 | M22: =IFERROR(__xludf.DUMMYFUNCTION("IFS(AND(COUNTA(C22:C1644)=0,COUNTA(Q22:Q1644)=0),"""",OR(AND(K22>=1000000000,OR(Y22>=1000000000,COUNTA(Q22:Q1644)=0)),OR(Y22>=1000000000,AND(COUNTA(C22:C1644)=0,P$3=TRUE))), ROUNDDOWN((AB$1-AC$1)*MAX(INDEX(T$4:T1644,MATCH(LARGE(FILTER(Y$4:Y1644,Y$4:Y1644<"&"1000000000),1),Y$4:Y1644)),INDEX(F$4:F1644,MATCH(LARGE(FILTER(K$4:K1644,K$4:K1644<1000000000),1),K$4:K1644)))),AND(K22<1000000000,COUNTA(C22:C1644)>0,P$3=FALSE), ROUNDDOWN(INDEX(Y$4:Y1644,MATCH(LARGE(FILTER(W$4:W1644,W$4:W1644<=I22),1),W$4:W1644))+(I22-LA"&"RGE(FILTER(W$4:W1644,W$4:W1644<=I22),1))*INDEX(T$4:T1644,MATCH(LARGE(FILTER(W$4:W1644,W$4:W1644<=I22),1),W$4:W1644))-K22),1, ROUNDDOWN(Y22-INDEX(K$4:K1644,MATCH(LARGE(FILTER(I$4:I1644,I$4:I1644<=W22),1),I$4:I1644))-(W22-LARGE(FILTER(I$4:I1644,I$4:I1644<=W"&"22),1))*INDEX(F$4:F1644,MATCH(LARGE(FILTER(I$4:I1644,I$4:I1644<=W22),1),I$4:I1644))))"),0.0) -> 0 | N22: =IF(ABS(L22)>=10000,TEXT(ROUND(L22,1),"#.#")&IF(RIGHT(TEXT(ROUND(L22,1),"#.#"))=",","0",""),L22) -> 0 | O22: =IF(ABS(M22)<1000000,M22,IF(ABS(M22)<1000000000,TEXT(ROUND(M22/1000000,1),"#.#")&IF(RIGHT(TEXT(ROUND(M22/1000000,1),"#.#"))=",","0","")&"M",TEXT(ROUND(M22/1000000000,1),"#.#")&IF(RIGHT(TEXT(ROUND(M22/1000000000,1),"#.#"))=",","0","")&"B")) -> 0 | P22: =IF(COUNTA(Q22:Q1661)=0,"",COUNTIF(Q$4:Q22,Q22)-COUNTIF(Q$4:Q22,"Sell_"&Q22)) -> 7 | Q22: Cursor | R22: =IFERROR(__xludf.DUMMYFUNCTION("IF(COUNTA(Q22:Q1644)=0,"""",IF(ISBLANK(Q22),FALSE,IF(NOT(COUNTIF($AA$24:$AA$34,SUBSTITUTE(Q22,""Sell_"",""""))),1,IF(REGEXMATCH(Q22,""Sell_""),IF(COUNTIF(Q$4:Q22,SUBSTITUTE(Q22,""Sell_"",""""))-COUNTIF(Q$4:Q21,Q22)<1,1),FALSE))))"),FALSE) -> FALSE | S22: {=IF(COUNTA(Q22:Q1644)=0,"",SUM((COUNTIF(Q$4:Q22,Upgrades!$B$3:$B$13)-COUNTIF(Q$4:Q22,"Sell_"&Upgrades!$B$3:$B$13))*Upgrades!$D$3:$D$13))} -> 30.7 | T22: =IFERROR(__xludf.DUMMYFUNCTION("IF(COUNTA(Q22:Q1644)=0,"""",IF(REGEXMATCH(INDEX(FILTER(Q$4:Q22,Q$4:Q22<>""""),ROWS(FILTER(Q$4:Q22,Q$4:Q22<>""""))),""^Sell_""),INDEX(FILTER(T$4:T21,Q$4:Q21<>""""),ROWS(FILTER(Q$4:Q21,Q$4:Q21<>""""))),$AD$5+S22))"),40.7) -> 40.7 | U22: =IFERROR(__xludf.DUMMYFUNCTION("IF(COUNTA(Q22:Q1644)=0,"""",IF(Q22="""",0,IF(REGEXMATCH(Q22,""^Sell_""),-ROUNDDOWN(ROUNDUP(INDEX(Upgrades!$C$3:$C$13,MATCH(SUBSTITUTE(Q22,""Sell_"",""""),Upgrades!$B$3:$B$13,0))*1.15^(COUNTIF(Q$4:Q21,SUBSTITUTE(Q22,""Sell_"",""""))-COUNTIF(Q$4:Q21,""Sell_"&"""&SUBSTITUTE(Q22,""Sell_"",""""))))/2),ROUNDUP(INDEX(Upgrades!$C$3:$C$13,MATCH(Q22,Upgrades!$B$3:$B$13,0))*1.15^(COUNTIF(Q$4:Q21,Q22)-COUNTIF(Q$4:Q21,""Sell_""&Q22))))))"),35.0) -> 35 | V22: =IF(COUNTA(Q22:Q1661)=0,"",U22+IF(V21<0,V21)) -> 35 | W22: =IF(COUNTA(Q22:Q1661)=0,"",W21+IF(V22>0,V22,0)/T21) -> 279.07034 | X22: =IF(COUNTA(Q22:Q1661)=0,"",IF(W22>3600,TRUNC(W22/3600)&"h ","")&IF(W22>59,IF(AND(W22>3599,QUOTIENT(MOD(W22,3600),60)<10),"0","")&QUOTIENT(MOD(W22,3600),60)&"m ","")&IF(AND(W22>=10,MOD(W22,60)<10),"0","")&ROUNDDOWN(MOD(W22,60),0)&"s") -> 4m 39s | Y22: =IF(COUNTA(Q22:Q1661)=0,"",Y21+IF(V22>0,V22,0)) -> 6206
B23: =IF(COUNTA(C23:C1662)=0,"",COUNTIF(C$4:C23,C23)-COUNTIF(C$4:C23,"Sell_"&C23)) -> 5 | C23: Grandma | D23: =IFERROR(__xludf.DUMMYFUNCTION("IF(COUNTA(C23:C1644)=0,"""",IF(ISBLANK(C23),FALSE,IF(NOT(COUNTIF($AA$24:$AA$34,SUBSTITUTE(C23,""Sell_"",""""))),1,IF(REGEXMATCH(C23,""Sell_""),IF(COUNTIF(C$4:C23,SUBSTITUTE(C23,""Sell_"",""""))-COUNTIF(C$4:C22,C23)<1,1),FALSE))))"),FALSE) -> FALSE | E23: {=IF(COUNTA(C23:C1644)=0,"",SUM((COUNTIF(C$4:C23,Upgrades!$B$3:$B$13)-COUNTIF(C$4:C23,"Sell_"&Upgrades!$B$3:$B$13))*Upgrades!$D$3:$D$13))} -> 31.2 | F23: =IFERROR(__xludf.DUMMYFUNCTION("IF(COUNTA(C23:C1644)=0,"""",IF(REGEXMATCH(INDEX(FILTER(C$4:C23,C$4:C23<>""""),ROWS(FILTER(C$4:C23,C$4:C23<>""""))),""^Sell_""),INDEX(FILTER(F$4:F22,C$4:C22<>""""),ROWS(FILTER(C$4:C22,C$4:C22<>""""))),$AC$5+E23))"),41.2) -> 41.2 | G23: =IFERROR(__xludf.DUMMYFUNCTION("IF(COUNTA(C23:C1644)=0,"""",IF(C23="""",0,IF(REGEXMATCH(C23,""^Sell_""),-ROUNDDOWN(ROUNDUP(INDEX(Upgrades!$C$3:$C$13,MATCH(SUBSTITUTE(C23,""Sell_"",""""),Upgrades!$B$3:$B$13,0))*1.15^(COUNTIF(C$4:C22,SUBSTITUTE(C23,""Sell_"",""""))-COUNTIF(C$4:C22,""Sell_"&"""&SUBSTITUTE(C23,""Sell_"",""""))))/2),ROUNDUP(INDEX(Upgrades!$C$3:$C$13,MATCH(C23,Upgrades!$B$3:$B$13,0))*1.15^(COUNTIF(C$4:C22,C23)-COUNTIF(C$4:C22,""Sell_""&C23))))))"),175.0) -> 175 | H23: =IF(COUNTA(C23:C1662)=0,"",G23+IF(H22<0,H22)) -> 175 | I23: =IF(COUNTA(C23:C1662)=0,"",I22+IF(H23>0,H23,0)/F22) -> 283.3701 | J23: =IF(COUNTA(C23:C1662)=0,"",IF(I23>3600,TRUNC(I23/3600)&"h ","")&IF(I23>59,IF(AND(I23>3599,QUOTIENT(MOD(I23,3600),60)<10),"0","")&QUOTIENT(MOD(I23,3600),60)&"m ","")&IF(AND(I23>=10,MOD(I23,60)<10),"0","")&ROUNDDOWN(MOD(I23,60),0)&"s") -> 4m 43s | K23: =IF(COUNTA(C23:C1662)=0,"",K22+IF(H23>0,H23,0)) -> 6381 | L23: =IFS(AND(COUNTA(C23:C1662)=0,COUNTA(Q23:Q1662)=0),"",OR(AND(K23>=1000000000,OR(Y23>=1000000000,COUNTA(Q23:Q1662)=0)),OR(Y23>=1000000000,AND(COUNTA(C23:C1662)=0,P$3=TRUE))),AF$1, AND(K23<1000000000,COUNTA(C23:C1662)>0,P$3=FALSE),TRUNC(LARGE(W$4:W1662,COUNTIF(Y$4:Y1662,">"&K23)+1)+(K23-LARGE(Y$4:Y1662,COUNTIF(Y$4:Y1662,">"&K23)+1))/LARGE(T$4:T1662,COUNTIF(Y$4:Y1662,">"&K23)+1)-I23,5),1, TRUNC(W23-LARGE(I$4:I1662,COUNTIF(K$4:K1662,">"&Y23)+1)-(Y23-LARGE(K$4:K1662,COUNTIF(K$4:K1662,">"&Y23)+1))/LARGE(F$4:F1662,COUNTIF(K$4:K1662,">"&Y23)+1),5)) -> 0 | M23: =IFERROR(__xludf.DUMMYFUNCTION("IFS(AND(COUNTA(C23:C1644)=0,COUNTA(Q23:Q1644)=0),"""",OR(AND(K23>=1000000000,OR(Y23>=1000000000,COUNTA(Q23:Q1644)=0)),OR(Y23>=1000000000,AND(COUNTA(C23:C1644)=0,P$3=TRUE))), ROUNDDOWN((AB$1-AC$1)*MAX(INDEX(T$4:T1644,MATCH(LARGE(FILTER(Y$4:Y1644,Y$4:Y1644<"&"1000000000),1),Y$4:Y1644)),INDEX(F$4:F1644,MATCH(LARGE(FILTER(K$4:K1644,K$4:K1644<1000000000),1),K$4:K1644)))),AND(K23<1000000000,COUNTA(C23:C1644)>0,P$3=FALSE), ROUNDDOWN(INDEX(Y$4:Y1644,MATCH(LARGE(FILTER(W$4:W1644,W$4:W1644<=I23),1),W$4:W1644))+(I23-LA"&"RGE(FILTER(W$4:W1644,W$4:W1644<=I23),1))*INDEX(T$4:T1644,MATCH(LARGE(FILTER(W$4:W1644,W$4:W1644<=I23),1),W$4:W1644))-K23),1, ROUNDDOWN(Y23-INDEX(K$4:K1644,MATCH(LARGE(FILTER(I$4:I1644,I$4:I1644<=W23),1),I$4:I1644))-(W23-LARGE(FILTER(I$4:I1644,I$4:I1644<=W"&"23),1))*INDEX(F$4:F1644,MATCH(LARGE(FILTER(I$4:I1644,I$4:I1644<=W23),1),I$4:I1644))))"),0.0) -> 0 | N23: =IF(ABS(L23)>=10000,TEXT(ROUND(L23,1),"#.#")&IF(RIGHT(TEXT(ROUND(L23,1),"#.#"))=",","0",""),L23) -> 0 | O23: =IF(ABS(M23)<1000000,M23,IF(ABS(M23)<1000000000,TEXT(ROUND(M23/1000000,1),"#.#")&IF(RIGHT(TEXT(ROUND(M23/1000000,1),"#.#"))=",","0","")&"M",TEXT(ROUND(M23/1000000000,1),"#.#")&IF(RIGHT(TEXT(ROUND(M23/1000000000,1),"#.#"))=",","0","")&"B")) -> 0 | P23: =IF(COUNTA(Q23:Q1662)=0,"",COUNTIF(Q$4:Q23,Q23)-COUNTIF(Q$4:Q23,"Sell_"&Q23)) -> 5 | Q23: Grandma | R23: =IFERROR(__xludf.DUMMYFUNCTION("IF(COUNTA(Q23:Q1644)=0,"""",IF(ISBLANK(Q23),FALSE,IF(NOT(COUNTIF($AA$24:$AA$34,SUBSTITUTE(Q23,""Sell_"",""""))),1,IF(REGEXMATCH(Q23,""Sell_""),IF(COUNTIF(Q$4:Q23,SUBSTITUTE(Q23,""Sell_"",""""))-COUNTIF(Q$4:Q22,Q23)<1,1),FALSE))))"),FALSE) -> FALSE | S23: {=IF(COUNTA(Q23:Q1644)=0,"",SUM((COUNTIF(Q$4:Q23,Upgrades!$B$3:$B$13)-COUNTIF(Q$4:Q23,"Sell_"&Upgrades!$B$3:$B$13))*Upgrades!$D$3:$D$13))} -> 31.2 | T23: =IFERROR(__xludf.DUMMYFUNCTION("IF(COUNTA(Q23:Q1644)=0,"""",IF(REGEXMATCH(INDEX(FILTER(Q$4:Q23,Q$4:Q23<>""""),ROWS(FILTER(Q$4:Q23,Q$4:Q23<>""""))),""^Sell_""),INDEX(FILTER(T$4:T22,Q$4:Q22<>""""),ROWS(FILTER(Q$4:Q22,Q$4:Q22<>""""))),$AD$5+S23))"),41.2) -> 41.2 | U23: =IFERROR(__xludf.DUMMYFUNCTION("IF(COUNTA(Q23:Q1644)=0,"""",IF(Q23="""",0,IF(REGEXMATCH(Q23,""^Sell_""),-ROUNDDOWN(ROUNDUP(INDEX(Upgrades!$C$3:$C$13,MATCH(SUBSTITUTE(Q23,""Sell_"",""""),Upgrades!$B$3:$B$13,0))*1.15^(COUNTIF(Q$4:Q22,SUBSTITUTE(Q23,""Sell_"",""""))-COUNTIF(Q$4:Q22,""Sell_"&"""&SUBSTITUTE(Q23,""Sell_"",""""))))/2),ROUNDUP(INDEX(Upgrades!$C$3:$C$13,MATCH(Q23,Upgrades!$B$3:$B$13,0))*1.15^(COUNTIF(Q$4:Q22,Q23)-COUNTIF(Q$4:Q22,""Sell_""&Q23))))))"),175.0) -> 175 | V23: =IF(COUNTA(Q23:Q1662)=0,"",U23+IF(V22<0,V22)) -> 175 | W23: =IF(COUNTA(Q23:Q1662)=0,"",W22+IF(V23>0,V23,0)/T22) -> 283.3701 | X23: =IF(COUNTA(Q23:Q1662)=0,"",IF(W23>3600,TRUNC(W23/3600)&"h ","")&IF(W23>59,IF(AND(W23>3599,QUOTIENT(MOD(W23,3600),60)<10),"0","")&QUOTIENT(MOD(W23,3600),60)&"m ","")&IF(AND(W23>=10,MOD(W23,60)<10),"0","")&ROUNDDOWN(MOD(W23,60),0)&"s") -> 4m 43s | Y23: =IF(COUNTA(Q23:Q1662)=0,"",Y22+IF(V23>0,V23,0)) -> 6381 | AA23: Available Actions:
B24: =IF(COUNTA(C24:C1663)=0,"",COUNTIF(C$4:C24,C24)-COUNTIF(C$4:C24,"Sell_"&C24)) -> 8 | C24: Farm | D24: =IFERROR(__xludf.DUMMYFUNCTION("IF(COUNTA(C24:C1644)=0,"""",IF(ISBLANK(C24),FALSE,IF(NOT(COUNTIF($AA$24:$AA$34,SUBSTITUTE(C24,""Sell_"",""""))),1,IF(REGEXMATCH(C24,""Sell_""),IF(COUNTIF(C$4:C24,SUBSTITUTE(C24,""Sell_"",""""))-COUNTIF(C$4:C23,C24)<1,1),FALSE))))"),FALSE) -> FALSE | E24: {=IF(COUNTA(C24:C1644)=0,"",SUM((COUNTIF(C$4:C24,Upgrades!$B$3:$B$13)-COUNTIF(C$4:C24,"Sell_"&Upgrades!$B$3:$B$13))*Upgrades!$D$3:$D$13))} -> 35.2 | F24: =IFERROR(__xludf.DUMMYFUNCTION("IF(COUNTA(C24:C1644)=0,"""",IF(REGEXMATCH(INDEX(FILTER(C$4:C24,C$4:C24<>""""),ROWS(FILTER(C$4:C24,C$4:C24<>""""))),""^Sell_""),INDEX(FILTER(F$4:F23,C$4:C23<>""""),ROWS(FILTER(C$4:C23,C$4:C23<>""""))),$AC$5+E24))"),45.2) -> 45.2 | G24: =IFERROR(__xludf.DUMMYFUNCTION("IF(COUNTA(C24:C1644)=0,"""",IF(C24="""",0,IF(REGEXMATCH(C24,""^Sell_""),-ROUNDDOWN(ROUNDUP(INDEX(Upgrades!$C$3:$C$13,MATCH(SUBSTITUTE(C24,""Sell_"",""""),Upgrades!$B$3:$B$13,0))*1.15^(COUNTIF(C$4:C23,SUBSTITUTE(C24,""Sell_"",""""))-COUNTIF(C$4:C23,""Sell_"&"""&SUBSTITUTE(C24,""Sell_"",""""))))/2),ROUNDUP(INDEX(Upgrades!$C$3:$C$13,MATCH(C24,Upgrades!$B$3:$B$13,0))*1.15^(COUNTIF(C$4:C23,C24)-COUNTIF(C$4:C23,""Sell_""&C24))))))"),1331.0) -> 1331 | H24: =IF(COUNTA(C24:C1663)=0,"",G24+IF(H23<0,H23)) -> 1331 | I24: =IF(COUNTA(C24:C1663)=0,"",I23+IF(H24>0,H24,0)/F23) -> 315.67592 | J24: =IF(COUNTA(C24:C1663)=0,"",IF(I24>3600,TRUNC(I24/3600)&"h ","")&IF(I24>59,IF(AND(I24>3599,QUOTIENT(MOD(I24,3600),60)<10),"0","")&QUOTIENT(MOD(I24,3600),60)&"m ","")&IF(AND(I24>=10,MOD(I24,60)<10),"0","")&ROUNDDOWN(MOD(I24,60),0)&"s") -> 5m 15s | K24: =IF(COUNTA(C24:C1663)=0,"",K23+IF(H24>0,H24,0)) -> 7712 | L24: =IFS(AND(COUNTA(C24:C1663)=0,COUNTA(Q24:Q1663)=0),"",OR(AND(K24>=1000000000,OR(Y24>=1000000000,COUNTA(Q24:Q1663)=0)),OR(Y24>=1000000000,AND(COUNTA(C24:C1663)=0,P$3=TRUE))),AF$1, AND(K24<1000000000,COUNTA(C24:C1663)>0,P$3=FALSE),TRUNC(LARGE(W$4:W1663,COUNTIF(Y$4:Y1663,">"&K24)+1)+(K24-LARGE(Y$4:Y1663,COUNTIF(Y$4:Y1663,">"&K24)+1))/LARGE(T$4:T1663,COUNTIF(Y$4:Y1663,">"&K24)+1)-I24,5),1, TRUNC(W24-LARGE(I$4:I1663,COUNTIF(K$4:K1663,">"&Y24)+1)-(Y24-LARGE(K$4:K1663,COUNTIF(K$4:K1663,">"&Y24)+1))/LARGE(F$4:F1663,COUNTIF(K$4:K1663,">"&Y24)+1),5)) -> 0 | M24: =IFERROR(__xludf.DUMMYFUNCTION("IFS(AND(COUNTA(C24:C1644)=0,COUNTA(Q24:Q1644)=0),"""",OR(AND(K24>=1000000000,OR(Y24>=1000000000,COUNTA(Q24:Q1644)=0)),OR(Y24>=1000000000,AND(COUNTA(C24:C1644)=0,P$3=TRUE))), ROUNDDOWN((AB$1-AC$1)*MAX(INDEX(T$4:T1644,MATCH(LARGE(FILTER(Y$4:Y1644,Y$4:Y1644<"&"1000000000),1),Y$4:Y1644)),INDEX(F$4:F1644,MATCH(LARGE(FILTER(K$4:K1644,K$4:K1644<1000000000),1),K$4:K1644)))),AND(K24<1000000000,COUNTA(C24:C1644)>0,P$3=FALSE), ROUNDDOWN(INDEX(Y$4:Y1644,MATCH(LARGE(FILTER(W$4:W1644,W$4:W1644<=I24),1),W$4:W1644))+(I24-LA"&"RGE(FILTER(W$4:W1644,W$4:W1644<=I24),1))*INDEX(T$4:T1644,MATCH(LARGE(FILTER(W$4:W1644,W$4:W1644<=I24),1),W$4:W1644))-K24),1, ROUNDDOWN(Y24-INDEX(K$4:K1644,MATCH(LARGE(FILTER(I$4:I1644,I$4:I1644<=W24),1),I$4:I1644))-(W24-LARGE(FILTER(I$4:I1644,I$4:I1644<=W"&"24),1))*INDEX(F$4:F1644,MATCH(LARGE(FILTER(I$4:I1644,I$4:I1644<=W24),1),I$4:I1644))))"),0.0) -> 0 | N24: =IF(ABS(L24)>=10000,TEXT(ROUND(L24,1),"#.#")&IF(RIGHT(TEXT(ROUND(L24,1),"#.#"))=",","0",""),L24) -> 0 | O24: =IF(ABS(M24)<1000000,M24,IF(ABS(M24)<1000000000,TEXT(ROUND(M24/1000000,1),"#.#")&IF(RIGHT(TEXT(ROUND(M24/1000000,1),"#.#"))=",","0","")&"M",TEXT(ROUND(M24/1000000000,1),"#.#")&IF(RIGHT(TEXT(ROUND(M24/1000000000,1),"#.#"))=",","0","")&"B")) -> 0 | P24: =IF(COUNTA(Q24:Q1663)=0,"",COUNTIF(Q$4:Q24,Q24)-COUNTIF(Q$4:Q24,"Sell_"&Q24)) -> 8 | Q24: Farm | R24: =IFERROR(__xludf.DUMMYFUNCTION("IF(COUNTA(Q24:Q1644)=0,"""",IF(ISBLANK(Q24),FALSE,IF(NOT(COUNTIF($AA$24:$AA$34,SUBSTITUTE(Q24,""Sell_"",""""))),1,IF(REGEXMATCH(Q24,""Sell_""),IF(COUNTIF(Q$4:Q24,SUBSTITUTE(Q24,""Sell_"",""""))-COUNTIF(Q$4:Q23,Q24)<1,1),FALSE))))"),FALSE) -> FALSE | S24: {=IF(COUNTA(Q24:Q1644)=0,"",SUM((COUNTIF(Q$4:Q24,Upgrades!$B$3:$B$13)-COUNTIF(Q$4:Q24,"Sell_"&Upgrades!$B$3:$B$13))*Upgrades!$D$3:$D$13))} -> 35.2 | T24: =IFERROR(__xludf.DUMMYFUNCTION("IF(COUNTA(Q24:Q1644)=0,"""",IF(REGEXMATCH(INDEX(FILTER(Q$4:Q24,Q$4:Q24<>""""),ROWS(FILTER(Q$4:Q24,Q$4:Q24<>""""))),""^Sell_""),INDEX(FILTER(T$4:T23,Q$4:Q23<>""""),ROWS(FILTER(Q$4:Q23,Q$4:Q23<>""""))),$AD$5+S24))"),45.2) -> 45.2 | U24: =IFERROR(__xludf.DUMMYFUNCTION("IF(COUNTA(Q24:Q1644)=0,"""",IF(Q24="""",0,IF(REGEXMATCH(Q24,""^Sell_""),-ROUNDDOWN(ROUNDUP(INDEX(Upgrades!$C$3:$C$13,MATCH(SUBSTITUTE(Q24,""Sell_"",""""),Upgrades!$B$3:$B$13,0))*1.15^(COUNTIF(Q$4:Q23,SUBSTITUTE(Q24,""Sell_"",""""))-COUNTIF(Q$4:Q23,""Sell_"&"""&SUBSTITUTE(Q24,""Sell_"",""""))))/2),ROUNDUP(INDEX(Upgrades!$C$3:$C$13,MATCH(Q24,Upgrades!$B$3:$B$13,0))*1.15^(COUNTIF(Q$4:Q23,Q24)-COUNTIF(Q$4:Q23,""Sell_""&Q24))))))"),1331.0) -> 1331 | V24: =IF(COUNTA(Q24:Q1663)=0,"",U24+IF(V23<0,V23)) -> 1331 | W24: =IF(COUNTA(Q24:Q1663)=0,"",W23+IF(V24>0,V24,0)/T23) -> 315.67592 | X24: =IF(COUNTA(Q24:Q1663)=0,"",IF(W24>3600,TRUNC(W24/3600)&"h ","")&IF(W24>59,IF(AND(W24>3599,QUOTIENT(MOD(W24,3600),60)<10),"0","")&QUOTIENT(MOD(W24,3600),60)&"m ","")&IF(AND(W24>=10,MOD(W24,60)<10),"0","")&ROUNDDOWN(MOD(W24,60),0)&"s") -> 5m 15s | Y24: =IF(COUNTA(Q24:Q1663)=0,"",Y23+IF(V24>0,V24,0)) -> 7712 | AA24: Cursor | AB24: (Buy / Sell)
B25: =IF(COUNTA(C25:C1664)=0,"",COUNTIF(C$4:C25,C25)-COUNTIF(C$4:C25,"Sell_"&C25)) -> 1 | C25: Factory | D25: =IFERROR(__xludf.DUMMYFUNCTION("IF(COUNTA(C25:C1644)=0,"""",IF(ISBLANK(C25),FALSE,IF(NOT(COUNTIF($AA$24:$AA$34,SUBSTITUTE(C25,""Sell_"",""""))),1,IF(REGEXMATCH(C25,""Sell_""),IF(COUNTIF(C$4:C25,SUBSTITUTE(C25,""Sell_"",""""))-COUNTIF(C$4:C24,C25)<1,1),FALSE))))"),FALSE) -> FALSE | E25: {=IF(COUNTA(C25:C1644)=0,"",SUM((COUNTIF(C$4:C25,Upgrades!$B$3:$B$13)-COUNTIF(C$4:C25,"Sell_"&Upgrades!$B$3:$B$13))*Upgrades!$D$3:$D$13))} -> 45.2 | F25: =IFERROR(__xludf.DUMMYFUNCTION("IF(COUNTA(C25:C1644)=0,"""",IF(REGEXMATCH(INDEX(FILTER(C$4:C25,C$4:C25<>""""),ROWS(FILTER(C$4:C25,C$4:C25<>""""))),""^Sell_""),INDEX(FILTER(F$4:F24,C$4:C24<>""""),ROWS(FILTER(C$4:C24,C$4:C24<>""""))),$AC$5+E25))"),55.2) -> 55.2 | G25: =IFERROR(__xludf.DUMMYFUNCTION("IF(COUNTA(C25:C1644)=0,"""",IF(C25="""",0,IF(REGEXMATCH(C25,""^Sell_""),-ROUNDDOWN(ROUNDUP(INDEX(Upgrades!$C$3:$C$13,MATCH(SUBSTITUTE(C25,""Sell_"",""""),Upgrades!$B$3:$B$13,0))*1.15^(COUNTIF(C$4:C24,SUBSTITUTE(C25,""Sell_"",""""))-COUNTIF(C$4:C24,""Sell_"&"""&SUBSTITUTE(C25,""Sell_"",""""))))/2),ROUNDUP(INDEX(Upgrades!$C$3:$C$13,MATCH(C25,Upgrades!$B$3:$B$13,0))*1.15^(COUNTIF(C$4:C24,C25)-COUNTIF(C$4:C24,""Sell_""&C25))))))"),3000.0) -> 3000 | H25: =IF(COUNTA(C25:C1664)=0,"",G25+IF(H24<0,H24)) -> 3000 | I25: =IF(COUNTA(C25:C1664)=0,"",I24+IF(H25>0,H25,0)/F24) -> 382.04761 | J25: =IF(COUNTA(C25:C1664)=0,"",IF(I25>3600,TRUNC(I25/3600)&"h ","")&IF(I25>59,IF(AND(I25>3599,QUOTIENT(MOD(I25,3600),60)<10),"0","")&QUOTIENT(MOD(I25,3600),60)&"m ","")&IF(AND(I25>=10,MOD(I25,60)<10),"0","")&ROUNDDOWN(MOD(I25,60),0)&"s") -> 6m 22s | K25: =IF(COUNTA(C25:C1664)=0,"",K24+IF(H25>0,H25,0)) -> 10712 | L25: =IFS(AND(COUNTA(C25:C1664)=0,COUNTA(Q25:Q1664)=0),"",OR(AND(K25>=1000000000,OR(Y25>=1000000000,COUNTA(Q25:Q1664)=0)),OR(Y25>=1000000000,AND(COUNTA(C25:C1664)=0,P$3=TRUE))),AF$1, AND(K25<1000000000,COUNTA(C25:C1664)>0,P$3=FALSE),TRUNC(LARGE(W$4:W1664,COUNTIF(Y$4:Y1664,">"&K25)+1)+(K25-LARGE(Y$4:Y1664,COUNTIF(Y$4:Y1664,">"&K25)+1))/LARGE(T$4:T1664,COUNTIF(Y$4:Y1664,">"&K25)+1)-I25,5),1, TRUNC(W25-LARGE(I$4:I1664,COUNTIF(K$4:K1664,">"&Y25)+1)-(Y25-LARGE(K$4:K1664,COUNTIF(K$4:K1664,">"&Y25)+1))/LARGE(F$4:F1664,COUNTIF(K$4:K1664,">"&Y25)+1),5)) -> 0 | M25: =IFERROR(__xludf.DUMMYFUNCTION("IFS(AND(COUNTA(C25:C1644)=0,COUNTA(Q25:Q1644)=0),"""",OR(AND(K25>=1000000000,OR(Y25>=1000000000,COUNTA(Q25:Q1644)=0)),OR(Y25>=1000000000,AND(COUNTA(C25:C1644)=0,P$3=TRUE))), ROUNDDOWN((AB$1-AC$1)*MAX(INDEX(T$4:T1644,MATCH(LARGE(FILTER(Y$4:Y1644,Y$4:Y1644<"&"1000000000),1),Y$4:Y1644)),INDEX(F$4:F1644,MATCH(LARGE(FILTER(K$4:K1644,K$4:K1644<1000000000),1),K$4:K1644)))),AND(K25<1000000000,COUNTA(C25:C1644)>0,P$3=FALSE), ROUNDDOWN(INDEX(Y$4:Y1644,MATCH(LARGE(FILTER(W$4:W1644,W$4:W1644<=I25),1),W$4:W1644))+(I25-LA"&"RGE(FILTER(W$4:W1644,W$4:W1644<=I25),1))*INDEX(T$4:T1644,MATCH(LARGE(FILTER(W$4:W1644,W$4:W1644<=I25),1),W$4:W1644))-K25),1, ROUNDDOWN(Y25-INDEX(K$4:K1644,MATCH(LARGE(FILTER(I$4:I1644,I$4:I1644<=W25),1),I$4:I1644))-(W25-LARGE(FILTER(I$4:I1644,I$4:I1644<=W"&"25),1))*INDEX(F$4:F1644,MATCH(LARGE(FILTER(I$4:I1644,I$4:I1644<=W25),1),I$4:I1644))))"),0.0) -> 0 | N25: =IF(ABS(L25)>=10000,TEXT(ROUND(L25,1),"#.#")&IF(RIGHT(TEXT(ROUND(L25,1),"#.#"))=",","0",""),L25) -> 0 | O25: =IF(ABS(M25)<1000000,M25,IF(ABS(M25)<1000000000,TEXT(ROUND(M25/1000000,1),"#.#")&IF(RIGHT(TEXT(ROUND(M25/1000000,1),"#.#"))=",","0","")&"M",TEXT(ROUND(M25/1000000000,1),"#.#")&IF(RIGHT(TEXT(ROUND(M25/1000000000,1),"#.#"))=",","0","")&"B")) -> 0 | P25: =IF(COUNTA(Q25:Q1664)=0,"",COUNTIF(Q$4:Q25,Q25)-COUNTIF(Q$4:Q25,"Sell_"&Q25)) -> 1 | Q25: Factory | R25: =IFERROR(__xludf.DUMMYFUNCTION("IF(COUNTA(Q25:Q1644)=0,"""",IF(ISBLANK(Q25),FALSE,IF(NOT(COUNTIF($AA$24:$AA$34,SUBSTITUTE(Q25,""Sell_"",""""))),1,IF(REGEXMATCH(Q25,""Sell_""),IF(COUNTIF(Q$4:Q25,SUBSTITUTE(Q25,""Sell_"",""""))-COUNTIF(Q$4:Q24,Q25)<1,1),FALSE))))"),FALSE) -> FALSE | S25: {=IF(COUNTA(Q25:Q1644)=0,"",SUM((COUNTIF(Q$4:Q25,Upgrades!$B$3:$B$13)-COUNTIF(Q$4:Q25,"Sell_"&Upgrades!$B$3:$B$13))*Upgrades!$D$3:$D$13))} -> 45.2 | T25: =IFERROR(__xludf.DUMMYFUNCTION("IF(COUNTA(Q25:Q1644)=0,"""",IF(REGEXMATCH(INDEX(FILTER(Q$4:Q25,Q$4:Q25<>""""),ROWS(FILTER(Q$4:Q25,Q$4:Q25<>""""))),""^Sell_""),INDEX(FILTER(T$4:T24,Q$4:Q24<>""""),ROWS(FILTER(Q$4:Q24,Q$4:Q24<>""""))),$AD$5+S25))"),55.2) -> 55.2 | U25: =IFERROR(__xludf.DUMMYFUNCTION("IF(COUNTA(Q25:Q1644)=0,"""",IF(Q25="""",0,IF(REGEXMATCH(Q25,""^Sell_""),-ROUNDDOWN(ROUNDUP(INDEX(Upgrades!$C$3:$C$13,MATCH(SUBSTITUTE(Q25,""Sell_"",""""),Upgrades!$B$3:$B$13,0))*1.15^(COUNTIF(Q$4:Q24,SUBSTITUTE(Q25,""Sell_"",""""))-COUNTIF(Q$4:Q24,""Sell_"&"""&SUBSTITUTE(Q25,""Sell_"",""""))))/2),ROUNDUP(INDEX(Upgrades!$C$3:$C$13,MATCH(Q25,Upgrades!$B$3:$B$13,0))*1.15^(COUNTIF(Q$4:Q24,Q25)-COUNTIF(Q$4:Q24,""Sell_""&Q25))))))"),3000.0) -> 3000 | V25: =IF(COUNTA(Q25:Q1664)=0,"",U25+IF(V24<0,V24)) -> 3000 | W25: =IF(COUNTA(Q25:Q1664)=0,"",W24+IF(V25>0,V25,0)/T24) -> 382.04761 | X25: =IF(COUNTA(Q25:Q1664)=0,"",IF(W25>3600,TRUNC(W25/3600)&"h ","")&IF(W25>59,IF(AND(W25>3599,QUOTIENT(MOD(W25,3600),60)<10),"0","")&QUOTIENT(MOD(W25,3600),60)&"m ","")&IF(AND(W25>=10,MOD(W25,60)<10),"0","")&ROUNDDOWN(MOD(W25,60),0)&"s") -> 6m 22s | Y25: =IF(COUNTA(Q25:Q1664)=0,"",Y24+IF(V25>0,V25,0)) -> 10712 | AA25: Grandma | AB25: (Buy / Sell)
B26: =IF(COUNTA(C26:C1665)=0,"",COUNTIF(C$4:C26,C26)-COUNTIF(C$4:C26,"Sell_"&C26)) -> 8 | C26: Cursor | D26: =IFERROR(__xludf.DUMMYFUNCTION("IF(COUNTA(C26:C1644)=0,"""",IF(ISBLANK(C26),FALSE,IF(NOT(COUNTIF($AA$24:$AA$34,SUBSTITUTE(C26,""Sell_"",""""))),1,IF(REGEXMATCH(C26,""Sell_""),IF(COUNTIF(C$4:C26,SUBSTITUTE(C26,""Sell_"",""""))-COUNTIF(C$4:C25,C26)<1,1),FALSE))))"),FALSE) -> FALSE | E26: {=IF(COUNTA(C26:C1644)=0,"",SUM((COUNTIF(C$4:C26,Upgrades!$B$3:$B$13)-COUNTIF(C$4:C26,"Sell_"&Upgrades!$B$3:$B$13))*Upgrades!$D$3:$D$13))} -> 45.3 | F26: =IFERROR(__xludf.DUMMYFUNCTION("IF(COUNTA(C26:C1644)=0,"""",IF(REGEXMATCH(INDEX(FILTER(C$4:C26,C$4:C26<>""""),ROWS(FILTER(C$4:C26,C$4:C26<>""""))),""^Sell_""),INDEX(FILTER(F$4:F25,C$4:C25<>""""),ROWS(FILTER(C$4:C25,C$4:C25<>""""))),$AC$5+E26))"),55.3) -> 55.3 | G26: =IFERROR(__xludf.DUMMYFUNCTION("IF(COUNTA(C26:C1644)=0,"""",IF(C26="""",0,IF(REGEXMATCH(C26,""^Sell_""),-ROUNDDOWN(ROUNDUP(INDEX(Upgrades!$C$3:$C$13,MATCH(SUBSTITUTE(C26,""Sell_"",""""),Upgrades!$B$3:$B$13,0))*1.15^(COUNTIF(C$4:C25,SUBSTITUTE(C26,""Sell_"",""""))-COUNTIF(C$4:C25,""Sell_"&"""&SUBSTITUTE(C26,""Sell_"",""""))))/2),ROUNDUP(INDEX(Upgrades!$C$3:$C$13,MATCH(C26,Upgrades!$B$3:$B$13,0))*1.15^(COUNTIF(C$4:C25,C26)-COUNTIF(C$4:C25,""Sell_""&C26))))))"),40.0) -> 40 | H26: =IF(COUNTA(C26:C1665)=0,"",G26+IF(H25<0,H25)) -> 40 | I26: =IF(COUNTA(C26:C1665)=0,"",I25+IF(H26>0,H26,0)/F25) -> 382.77224 | J26: =IF(COUNTA(C26:C1665)=0,"",IF(I26>3600,TRUNC(I26/3600)&"h ","")&IF(I26>59,IF(AND(I26>3599,QUOTIENT(MOD(I26,3600),60)<10),"0","")&QUOTIENT(MOD(I26,3600),60)&"m ","")&IF(AND(I26>=10,MOD(I26,60)<10),"0","")&ROUNDDOWN(MOD(I26,60),0)&"s") -> 6m 22s | K26: =IF(COUNTA(C26:C1665)=0,"",K25+IF(H26>0,H26,0)) -> 10752 | L26: =IFS(AND(COUNTA(C26:C1665)=0,COUNTA(Q26:Q1665)=0),"",OR(AND(K26>=1000000000,OR(Y26>=1000000000,COUNTA(Q26:Q1665)=0)),OR(Y26>=1000000000,AND(COUNTA(C26:C1665)=0,P$3=TRUE))),AF$1, AND(K26<1000000000,COUNTA(C26:C1665)>0,P$3=FALSE),TRUNC(LARGE(W$4:W1665,COUNTIF(Y$4:Y1665,">"&K26)+1)+(K26-LARGE(Y$4:Y1665,COUNTIF(Y$4:Y1665,">"&K26)+1))/LARGE(T$4:T1665,COUNTIF(Y$4:Y1665,">"&K26)+1)-I26,5),1, TRUNC(W26-LARGE(I$4:I1665,COUNTIF(K$4:K1665,">"&Y26)+1)-(Y26-LARGE(K$4:K1665,COUNTIF(K$4:K1665,">"&Y26)+1))/LARGE(F$4:F1665,COUNTIF(K$4:K1665,">"&Y26)+1),5)) -> 0 | M26: =IFERROR(__xludf.DUMMYFUNCTION("IFS(AND(COUNTA(C26:C1644)=0,COUNTA(Q26:Q1644)=0),"""",OR(AND(K26>=1000000000,OR(Y26>=1000000000,COUNTA(Q26:Q1644)=0)),OR(Y26>=1000000000,AND(COUNTA(C26:C1644)=0,P$3=TRUE))), ROUNDDOWN((AB$1-AC$1)*MAX(INDEX(T$4:T1644,MATCH(LARGE(FILTER(Y$4:Y1644,Y$4:Y1644<"&"1000000000),1),Y$4:Y1644)),INDEX(F$4:F1644,MATCH(LARGE(FILTER(K$4:K1644,K$4:K1644<1000000000),1),K$4:K1644)))),AND(K26<1000000000,COUNTA(C26:C1644)>0,P$3=FALSE), ROUNDDOWN(INDEX(Y$4:Y1644,MATCH(LARGE(FILTER(W$4:W1644,W$4:W1644<=I26),1),W$4:W1644))+(I26-LA"&"RGE(FILTER(W$4:W1644,W$4:W1644<=I26),1))*INDEX(T$4:T1644,MATCH(LARGE(FILTER(W$4:W1644,W$4:W1644<=I26),1),W$4:W1644))-K26),1, ROUNDDOWN(Y26-INDEX(K$4:K1644,MATCH(LARGE(FILTER(I$4:I1644,I$4:I1644<=W26),1),I$4:I1644))-(W26-LARGE(FILTER(I$4:I1644,I$4:I1644<=W"&"26),1))*INDEX(F$4:F1644,MATCH(LARGE(FILTER(I$4:I1644,I$4:I1644<=W26),1),I$4:I1644))))"),0.0) -> 0 | N26: =IF(ABS(L26)>=10000,TEXT(ROUND(L26,1),"#.#")&IF(RIGHT(TEXT(ROUND(L26,1),"#.#"))=",","0",""),L26) -> 0 | O26: =IF(ABS(M26)<1000000,M26,IF(ABS(M26)<1000000000,TEXT(ROUND(M26/1000000,1),"#.#")&IF(RIGHT(TEXT(ROUND(M26/1000000,1),"#.#"))=",","0","")&"M",TEXT(ROUND(M26/1000000000,1),"#.#")&IF(RIGHT(TEXT(ROUND(M26/1000000000,1),"#.#"))=",","0","")&"B")) -> 0 | P26: =IF(COUNTA(Q26:Q1665)=0,"",COUNTIF(Q$4:Q26,Q26)-COUNTIF(Q$4:Q26,"Sell_"&Q26)) -> 8 | Q26: Cursor | R26: =IFERROR(__xludf.DUMMYFUNCTION("IF(COUNTA(Q26:Q1644)=0,"""",IF(ISBLANK(Q26),FALSE,IF(NOT(COUNTIF($AA$24:$AA$34,SUBSTITUTE(Q26,""Sell_"",""""))),1,IF(REGEXMATCH(Q26,""Sell_""),IF(COUNTIF(Q$4:Q26,SUBSTITUTE(Q26,""Sell_"",""""))-COUNTIF(Q$4:Q25,Q26)<1,1),FALSE))))"),FALSE) -> FALSE | S26: {=IF(COUNTA(Q26:Q1644)=0,"",SUM((COUNTIF(Q$4:Q26,Upgrades!$B$3:$B$13)-COUNTIF(Q$4:Q26,"Sell_"&Upgrades!$B$3:$B$13))*Upgrades!$D$3:$D$13))} -> 45.3 | T26: =IFERROR(__xludf.DUMMYFUNCTION("IF(COUNTA(Q26:Q1644)=0,"""",IF(REGEXMATCH(INDEX(FILTER(Q$4:Q26,Q$4:Q26<>""""),ROWS(FILTER(Q$4:Q26,Q$4:Q26<>""""))),""^Sell_""),INDEX(FILTER(T$4:T25,Q$4:Q25<>""""),ROWS(FILTER(Q$4:Q25,Q$4:Q25<>""""))),$AD$5+S26))"),55.3) -> 55.3 | U26: =IFERROR(__xludf.DUMMYFUNCTION("IF(COUNTA(Q26:Q1644)=0,"""",IF(Q26="""",0,IF(REGEXMATCH(Q26,""^Sell_""),-ROUNDDOWN(ROUNDUP(INDEX(Upgrades!$C$3:$C$13,MATCH(SUBSTITUTE(Q26,""Sell_"",""""),Upgrades!$B$3:$B$13,0))*1.15^(COUNTIF(Q$4:Q25,SUBSTITUTE(Q26,""Sell_"",""""))-COUNTIF(Q$4:Q25,""Sell_"&"""&SUBSTITUTE(Q26,""Sell_"",""""))))/2),ROUNDUP(INDEX(Upgrades!$C$3:$C$13,MATCH(Q26,Upgrades!$B$3:$B$13,0))*1.15^(COUNTIF(Q$4:Q25,Q26)-COUNTIF(Q$4:Q25,""Sell_""&Q26))))))"),40.0) -> 40 | V26: =IF(COUNTA(Q26:Q1665)=0,"",U26+IF(V25<0,V25)) -> 40 | W26: =IF(COUNTA(Q26:Q1665)=0,"",W25+IF(V26>0,V26,0)/T25) -> 382.77224 | X26: =IF(COUNTA(Q26:Q1665)=0,"",IF(W26>3600,TRUNC(W26/3600)&"h ","")&IF(W26>59,IF(AND(W26>3599,QUOTIENT(MOD(W26,3600),60)<10),"0","")&QUOTIENT(MOD(W26,3600),60)&"m ","")&IF(AND(W26>=10,MOD(W26,60)<10),"0","")&ROUNDDOWN(MOD(W26,60),0)&"s") -> 6m 22s | Y26: =IF(COUNTA(Q26:Q1665)=0,"",Y25+IF(V26>0,V26,0)) -> 10752 | AA26: Farm | AB26: (Buy / Sell)
B27: =IF(COUNTA(C27:C1666)=0,"",COUNTIF(C$4:C27,C27)-COUNTIF(C$4:C27,"Sell_"&C27)) -> 2 | C27: Factory | D27: =IFERROR(__xludf.DUMMYFUNCTION("IF(COUNTA(C27:C1644)=0,"""",IF(ISBLANK(C27),FALSE,IF(NOT(COUNTIF($AA$24:$AA$34,SUBSTITUTE(C27,""Sell_"",""""))),1,IF(REGEXMATCH(C27,""Sell_""),IF(COUNTIF(C$4:C27,SUBSTITUTE(C27,""Sell_"",""""))-COUNTIF(C$4:C26,C27)<1,1),FALSE))))"),FALSE) -> FALSE | E27: {=IF(COUNTA(C27:C1644)=0,"",SUM((COUNTIF(C$4:C27,Upgrades!$B$3:$B$13)-COUNTIF(C$4:C27,"Sell_"&Upgrades!$B$3:$B$13))*Upgrades!$D$3:$D$13))} -> 55.3 | F27: =IFERROR(__xludf.DUMMYFUNCTION("IF(COUNTA(C27:C1644)=0,"""",IF(REGEXMATCH(INDEX(FILTER(C$4:C27,C$4:C27<>""""),ROWS(FILTER(C$4:C27,C$4:C27<>""""))),""^Sell_""),INDEX(FILTER(F$4:F26,C$4:C26<>""""),ROWS(FILTER(C$4:C26,C$4:C26<>""""))),$AC$5+E27))"),65.3) -> 65.3 | G27: =IFERROR(__xludf.DUMMYFUNCTION("IF(COUNTA(C27:C1644)=0,"""",IF(C27="""",0,IF(REGEXMATCH(C27,""^Sell_""),-ROUNDDOWN(ROUNDUP(INDEX(Upgrades!$C$3:$C$13,MATCH(SUBSTITUTE(C27,""Sell_"",""""),Upgrades!$B$3:$B$13,0))*1.15^(COUNTIF(C$4:C26,SUBSTITUTE(C27,""Sell_"",""""))-COUNTIF(C$4:C26,""Sell_"&"""&SUBSTITUTE(C27,""Sell_"",""""))))/2),ROUNDUP(INDEX(Upgrades!$C$3:$C$13,MATCH(C27,Upgrades!$B$3:$B$13,0))*1.15^(COUNTIF(C$4:C26,C27)-COUNTIF(C$4:C26,""Sell_""&C27))))))"),3450.0) -> 3450 | H27: =IF(COUNTA(C27:C1666)=0,"",G27+IF(H26<0,H26)) -> 3450 | I27: =IF(COUNTA(C27:C1666)=0,"",I26+IF(H27>0,H27,0)/F26) -> 445.15922 | J27: =IF(COUNTA(C27:C1666)=0,"",IF(I27>3600,TRUNC(I27/3600)&"h ","")&IF(I27>59,IF(AND(I27>3599,QUOTIENT(MOD(I27,3600),60)<10),"0","")&QUOTIENT(MOD(I27,3600),60)&"m ","")&IF(AND(I27>=10,MOD(I27,60)<10),"0","")&ROUNDDOWN(MOD(I27,60),0)&"s") -> 7m 25s | K27: =IF(COUNTA(C27:C1666)=0,"",K26+IF(H27>0,H27,0)) -> 14202 | L27: =IFS(AND(COUNTA(C27:C1666)=0,COUNTA(Q27:Q1666)=0),"",OR(AND(K27>=1000000000,OR(Y27>=1000000000,COUNTA(Q27:Q1666)=0)),OR(Y27>=1000000000,AND(COUNTA(C27:C1666)=0,P$3=TRUE))),AF$1, AND(K27<1000000000,COUNTA(C27:C1666)>0,P$3=FALSE),TRUNC(LARGE(W$4:W1666,COUNTIF(Y$4:Y1666,">"&K27)+1)+(K27-LARGE(Y$4:Y1666,COUNTIF(Y$4:Y1666,">"&K27)+1))/LARGE(T$4:T1666,COUNTIF(Y$4:Y1666,">"&K27)+1)-I27,5),1, TRUNC(W27-LARGE(I$4:I1666,COUNTIF(K$4:K1666,">"&Y27)+1)-(Y27-LARGE(K$4:K1666,COUNTIF(K$4:K1666,">"&Y27)+1))/LARGE(F$4:F1666,COUNTIF(K$4:K1666,">"&Y27)+1),5)) -> 0 | M27: =IFERROR(__xludf.DUMMYFUNCTION("IFS(AND(COUNTA(C27:C1644)=0,COUNTA(Q27:Q1644)=0),"""",OR(AND(K27>=1000000000,OR(Y27>=1000000000,COUNTA(Q27:Q1644)=0)),OR(Y27>=1000000000,AND(COUNTA(C27:C1644)=0,P$3=TRUE))), ROUNDDOWN((AB$1-AC$1)*MAX(INDEX(T$4:T1644,MATCH(LARGE(FILTER(Y$4:Y1644,Y$4:Y1644<"&"1000000000),1),Y$4:Y1644)),INDEX(F$4:F1644,MATCH(LARGE(FILTER(K$4:K1644,K$4:K1644<1000000000),1),K$4:K1644)))),AND(K27<1000000000,COUNTA(C27:C1644)>0,P$3=FALSE), ROUNDDOWN(INDEX(Y$4:Y1644,MATCH(LARGE(FILTER(W$4:W1644,W$4:W1644<=I27),1),W$4:W1644))+(I27-LA"&"RGE(FILTER(W$4:W1644,W$4:W1644<=I27),1))*INDEX(T$4:T1644,MATCH(LARGE(FILTER(W$4:W1644,W$4:W1644<=I27),1),W$4:W1644))-K27),1, ROUNDDOWN(Y27-INDEX(K$4:K1644,MATCH(LARGE(FILTER(I$4:I1644,I$4:I1644<=W27),1),I$4:I1644))-(W27-LARGE(FILTER(I$4:I1644,I$4:I1644<=W"&"27),1))*INDEX(F$4:F1644,MATCH(LARGE(FILTER(I$4:I1644,I$4:I1644<=W27),1),I$4:I1644))))"),0.0) -> 0 | N27: =IF(ABS(L27)>=10000,TEXT(ROUND(L27,1),"#.#")&IF(RIGHT(TEXT(ROUND(L27,1),"#.#"))=",","0",""),L27) -> 0 | O27: =IF(ABS(M27)<1000000,M27,IF(ABS(M27)<1000000000,TEXT(ROUND(M27/1000000,1),"#.#")&IF(RIGHT(TEXT(ROUND(M27/1000000,1),"#.#"))=",","0","")&"M",TEXT(ROUND(M27/1000000000,1),"#.#")&IF(RIGHT(TEXT(ROUND(M27/1000000000,1),"#.#"))=",","0","")&"B")) -> 0 | P27: =IF(COUNTA(Q27:Q1666)=0,"",COUNTIF(Q$4:Q27,Q27)-COUNTIF(Q$4:Q27,"Sell_"&Q27)) -> 2 | Q27: Factory | R27: =IFERROR(__xludf.DUMMYFUNCTION("IF(COUNTA(Q27:Q1644)=0,"""",IF(ISBLANK(Q27),FALSE,IF(NOT(COUNTIF($AA$24:$AA$34,SUBSTITUTE(Q27,""Sell_"",""""))),1,IF(REGEXMATCH(Q27,""Sell_""),IF(COUNTIF(Q$4:Q27,SUBSTITUTE(Q27,""Sell_"",""""))-COUNTIF(Q$4:Q26,Q27)<1,1),FALSE))))"),FALSE) -> FALSE | S27: {=IF(COUNTA(Q27:Q1644)=0,"",SUM((COUNTIF(Q$4:Q27,Upgrades!$B$3:$B$13)-COUNTIF(Q$4:Q27,"Sell_"&Upgrades!$B$3:$B$13))*Upgrades!$D$3:$D$13))} -> 55.3 | T27: =IFERROR(__xludf.DUMMYFUNCTION("IF(COUNTA(Q27:Q1644)=0,"""",IF(REGEXMATCH(INDEX(FILTER(Q$4:Q27,Q$4:Q27<>""""),ROWS(FILTER(Q$4:Q27,Q$4:Q27<>""""))),""^Sell_""),INDEX(FILTER(T$4:T26,Q$4:Q26<>""""),ROWS(FILTER(Q$4:Q26,Q$4:Q26<>""""))),$AD$5+S27))"),65.3) -> 65.3 | U27: =IFERROR(__xludf.DUMMYFUNCTION("IF(COUNTA(Q27:Q1644)=0,"""",IF(Q27="""",0,IF(REGEXMATCH(Q27,""^Sell_""),-ROUNDDOWN(ROUNDUP(INDEX(Upgrades!$C$3:$C$13,MATCH(SUBSTITUTE(Q27,""Sell_"",""""),Upgrades!$B$3:$B$13,0))*1.15^(COUNTIF(Q$4:Q26,SUBSTITUTE(Q27,""Sell_"",""""))-COUNTIF(Q$4:Q26,""Sell_"&"""&SUBSTITUTE(Q27,""Sell_"",""""))))/2),ROUNDUP(INDEX(Upgrades!$C$3:$C$13,MATCH(Q27,Upgrades!$B$3:$B$13,0))*1.15^(COUNTIF(Q$4:Q26,Q27)-COUNTIF(Q$4:Q26,""Sell_""&Q27))))))"),3450.0) -> 3450 | V27: =IF(COUNTA(Q27:Q1666)=0,"",U27+IF(V26<0,V26)) -> 3450 | W27: =IF(COUNTA(Q27:Q1666)=0,"",W26+IF(V27>0,V27,0)/T26) -> 445.15922 | X27: =IF(COUNTA(Q27:Q1666)=0,"",IF(W27>3600,TRUNC(W27/3600)&"h ","")&IF(W27>59,IF(AND(W27>3599,QUOTIENT(MOD(W27,3600),60)<10),"0","")&QUOTIENT(MOD(W27,3600),60)&"m ","")&IF(AND(W27>=10,MOD(W27,60)<10),"0","")&ROUNDDOWN(MOD(W27,60),0)&"s") -> 7m 25s | Y27: =IF(COUNTA(Q27:Q1666)=0,"",Y26+IF(V27>0,V27,0)) -> 14202 | AA27: Factory | AB27: (Buy / Sell)
B28: =IF(COUNTA(C28:C1667)=0,"",COUNTIF(C$4:C28,C28)-COUNTIF(C$4:C28,"Sell_"&C28)) -> 1 | C28: Mine | D28: =IFERROR(__xludf.DUMMYFUNCTION("IF(COUNTA(C28:C1644)=0,"""",IF(ISBLANK(C28),FALSE,IF(NOT(COUNTIF($AA$24:$AA$34,SUBSTITUTE(C28,""Sell_"",""""))),1,IF(REGEXMATCH(C28,""Sell_""),IF(COUNTIF(C$4:C28,SUBSTITUTE(C28,""Sell_"",""""))-COUNTIF(C$4:C27,C28)<1,1),FALSE))))"),FALSE) -> FALSE | E28: {=IF(COUNTA(C28:C1644)=0,"",SUM((COUNTIF(C$4:C28,Upgrades!$B$3:$B$13)-COUNTIF(C$4:C28,"Sell_"&Upgrades!$B$3:$B$13))*Upgrades!$D$3:$D$13))} -> 95.3 | F28: =IFERROR(__xludf.DUMMYFUNCTION("IF(COUNTA(C28:C1644)=0,"""",IF(REGEXMATCH(INDEX(FILTER(C$4:C28,C$4:C28<>""""),ROWS(FILTER(C$4:C28,C$4:C28<>""""))),""^Sell_""),INDEX(FILTER(F$4:F27,C$4:C27<>""""),ROWS(FILTER(C$4:C27,C$4:C27<>""""))),$AC$5+E28))"),105.3) -> 105.3 | G28: =IFERROR(__xludf.DUMMYFUNCTION("IF(COUNTA(C28:C1644)=0,"""",IF(C28="""",0,IF(REGEXMATCH(C28,""^Sell_""),-ROUNDDOWN(ROUNDUP(INDEX(Upgrades!$C$3:$C$13,MATCH(SUBSTITUTE(C28,""Sell_"",""""),Upgrades!$B$3:$B$13,0))*1.15^(COUNTIF(C$4:C27,SUBSTITUTE(C28,""Sell_"",""""))-COUNTIF(C$4:C27,""Sell_"&"""&SUBSTITUTE(C28,""Sell_"",""""))))/2),ROUNDUP(INDEX(Upgrades!$C$3:$C$13,MATCH(C28,Upgrades!$B$3:$B$13,0))*1.15^(COUNTIF(C$4:C27,C28)-COUNTIF(C$4:C27,""Sell_""&C28))))))"),10000.0) -> 10000 | H28: =IF(COUNTA(C28:C1667)=0,"",G28+IF(H27<0,H27)) -> 10000 | I28: =IF(COUNTA(C28:C1667)=0,"",I27+IF(H28>0,H28,0)/F27) -> 598.29858 | J28: =IF(COUNTA(C28:C1667)=0,"",IF(I28>3600,TRUNC(I28/3600)&"h ","")&IF(I28>59,IF(AND(I28>3599,QUOTIENT(MOD(I28,3600),60)<10),"0","")&QUOTIENT(MOD(I28,3600),60)&"m ","")&IF(AND(I28>=10,MOD(I28,60)<10),"0","")&ROUNDDOWN(MOD(I28,60),0)&"s") -> 9m 58s | K28: =IF(COUNTA(C28:C1667)=0,"",K27+IF(H28>0,H28,0)) -> 24202 | L28: =IFS(AND(COUNTA(C28:C1667)=0,COUNTA(Q28:Q1667)=0),"",OR(AND(K28>=1000000000,OR(Y28>=1000000000,COUNTA(Q28:Q1667)=0)),OR(Y28>=1000000000,AND(COUNTA(C28:C1667)=0,P$3=TRUE))),AF$1, AND(K28<1000000000,COUNTA(C28:C1667)>0,P$3=FALSE),TRUNC(LARGE(W$4:W1667,COUNTIF(Y$4:Y1667,">"&K28)+1)+(K28-LARGE(Y$4:Y1667,COUNTIF(Y$4:Y1667,">"&K28)+1))/LARGE(T$4:T1667,COUNTIF(Y$4:Y1667,">"&K28)+1)-I28,5),1, TRUNC(W28-LARGE(I$4:I1667,COUNTIF(K$4:K1667,">"&Y28)+1)-(Y28-LARGE(K$4:K1667,COUNTIF(K$4:K1667,">"&Y28)+1))/LARGE(F$4:F1667,COUNTIF(K$4:K1667,">"&Y28)+1),5)) -> 0 | M28: =IFERROR(__xludf.DUMMYFUNCTION("IFS(AND(COUNTA(C28:C1644)=0,COUNTA(Q28:Q1644)=0),"""",OR(AND(K28>=1000000000,OR(Y28>=1000000000,COUNTA(Q28:Q1644)=0)),OR(Y28>=1000000000,AND(COUNTA(C28:C1644)=0,P$3=TRUE))), ROUNDDOWN((AB$1-AC$1)*MAX(INDEX(T$4:T1644,MATCH(LARGE(FILTER(Y$4:Y1644,Y$4:Y1644<"&"1000000000),1),Y$4:Y1644)),INDEX(F$4:F1644,MATCH(LARGE(FILTER(K$4:K1644,K$4:K1644<1000000000),1),K$4:K1644)))),AND(K28<1000000000,COUNTA(C28:C1644)>0,P$3=FALSE), ROUNDDOWN(INDEX(Y$4:Y1644,MATCH(LARGE(FILTER(W$4:W1644,W$4:W1644<=I28),1),W$4:W1644))+(I28-LA"&"RGE(FILTER(W$4:W1644,W$4:W1644<=I28),1))*INDEX(T$4:T1644,MATCH(LARGE(FILTER(W$4:W1644,W$4:W1644<=I28),1),W$4:W1644))-K28),1, ROUNDDOWN(Y28-INDEX(K$4:K1644,MATCH(LARGE(FILTER(I$4:I1644,I$4:I1644<=W28),1),I$4:I1644))-(W28-LARGE(FILTER(I$4:I1644,I$4:I1644<=W"&"28),1))*INDEX(F$4:F1644,MATCH(LARGE(FILTER(I$4:I1644,I$4:I1644<=W28),1),I$4:I1644))))"),0.0) -> 0 | N28: =IF(ABS(L28)>=10000,TEXT(ROUND(L28,1),"#.#")&IF(RIGHT(TEXT(ROUND(L28,1),"#.#"))=",","0",""),L28) -> 0 | O28: =IF(ABS(M28)<1000000,M28,IF(ABS(M28)<1000000000,TEXT(ROUND(M28/1000000,1),"#.#")&IF(RIGHT(TEXT(ROUND(M28/1000000,1),"#.#"))=",","0","")&"M",TEXT(ROUND(M28/1000000000,1),"#.#")&IF(RIGHT(TEXT(ROUND(M28/1000000000,1),"#.#"))=",","0","")&"B")) -> 0 | P28: =IF(COUNTA(Q28:Q1667)=0,"",COUNTIF(Q$4:Q28,Q28)-COUNTIF(Q$4:Q28,"Sell_"&Q28)) -> 1 | Q28: Mine | R28: =IFERROR(__xludf.DUMMYFUNCTION("IF(COUNTA(Q28:Q1644)=0,"""",IF(ISBLANK(Q28),FALSE,IF(NOT(COUNTIF($AA$24:$AA$34,SUBSTITUTE(Q28,""Sell_"",""""))),1,IF(REGEXMATCH(Q28,""Sell_""),IF(COUNTIF(Q$4:Q28,SUBSTITUTE(Q28,""Sell_"",""""))-COUNTIF(Q$4:Q27,Q28)<1,1),FALSE))))"),FALSE) -> FALSE | S28: {=IF(COUNTA(Q28:Q1644)=0,"",SUM((COUNTIF(Q$4:Q28,Upgrades!$B$3:$B$13)-COUNTIF(Q$4:Q28,"Sell_"&Upgrades!$B$3:$B$13))*Upgrades!$D$3:$D$13))} -> 95.3 | T28: =IFERROR(__xludf.DUMMYFUNCTION("IF(COUNTA(Q28:Q1644)=0,"""",IF(REGEXMATCH(INDEX(FILTER(Q$4:Q28,Q$4:Q28<>""""),ROWS(FILTER(Q$4:Q28,Q$4:Q28<>""""))),""^Sell_""),INDEX(FILTER(T$4:T27,Q$4:Q27<>""""),ROWS(FILTER(Q$4:Q27,Q$4:Q27<>""""))),$AD$5+S28))"),105.3) -> 105.3 | U28: =IFERROR(__xludf.DUMMYFUNCTION("IF(COUNTA(Q28:Q1644)=0,"""",IF(Q28="""",0,IF(REGEXMATCH(Q28,""^Sell_""),-ROUNDDOWN(ROUNDUP(INDEX(Upgrades!$C$3:$C$13,MATCH(SUBSTITUTE(Q28,""Sell_"",""""),Upgrades!$B$3:$B$13,0))*1.15^(COUNTIF(Q$4:Q27,SUBSTITUTE(Q28,""Sell_"",""""))-COUNTIF(Q$4:Q27,""Sell_"&"""&SUBSTITUTE(Q28,""Sell_"",""""))))/2),ROUNDUP(INDEX(Upgrades!$C$3:$C$13,MATCH(Q28,Upgrades!$B$3:$B$13,0))*1.15^(COUNTIF(Q$4:Q27,Q28)-COUNTIF(Q$4:Q27,""Sell_""&Q28))))))"),10000.0) -> 10000 | V28: =IF(COUNTA(Q28:Q1667)=0,"",U28+IF(V27<0,V27)) -> 10000 | W28: =IF(COUNTA(Q28:Q1667)=0,"",W27+IF(V28>0,V28,0)/T27) -> 598.29858 | X28: =IF(COUNTA(Q28:Q1667)=0,"",IF(W28>3600,TRUNC(W28/3600)&"h ","")&IF(W28>59,IF(AND(W28>3599,QUOTIENT(MOD(W28,3600),60)<10),"0","")&QUOTIENT(MOD(W28,3600),60)&"m ","")&IF(AND(W28>=10,MOD(W28,60)<10),"0","")&ROUNDDOWN(MOD(W28,60),0)&"s") -> 9m 58s | Y28: =IF(COUNTA(Q28:Q1667)=0,"",Y27+IF(V28>0,V28,0)) -> 24202 | AA28: Mine | AB28: (Buy / Sell)
B29: =IF(COUNTA(C29:C1668)=0,"",COUNTIF(C$4:C29,C29)-COUNTIF(C$4:C29,"Sell_"&C29)) -> 2 | C29: Mine | D29: =IFERROR(__xludf.DUMMYFUNCTION("IF(COUNTA(C29:C1644)=0,"""",IF(ISBLANK(C29),FALSE,IF(NOT(COUNTIF($AA$24:$AA$34,SUBSTITUTE(C29,""Sell_"",""""))),1,IF(REGEXMATCH(C29,""Sell_""),IF(COUNTIF(C$4:C29,SUBSTITUTE(C29,""Sell_"",""""))-COUNTIF(C$4:C28,C29)<1,1),FALSE))))"),FALSE) -> FALSE | E29: {=IF(COUNTA(C29:C1644)=0,"",SUM((COUNTIF(C$4:C29,Upgrades!$B$3:$B$13)-COUNTIF(C$4:C29,"Sell_"&Upgrades!$B$3:$B$13))*Upgrades!$D$3:$D$13))} -> 135.3 | F29: =IFERROR(__xludf.DUMMYFUNCTION("IF(COUNTA(C29:C1644)=0,"""",IF(REGEXMATCH(INDEX(FILTER(C$4:C29,C$4:C29<>""""),ROWS(FILTER(C$4:C29,C$4:C29<>""""))),""^Sell_""),INDEX(FILTER(F$4:F28,C$4:C28<>""""),ROWS(FILTER(C$4:C28,C$4:C28<>""""))),$AC$5+E29))"),145.3) -> 145.3 | G29: =IFERROR(__xludf.DUMMYFUNCTION("IF(COUNTA(C29:C1644)=0,"""",IF(C29="""",0,IF(REGEXMATCH(C29,""^Sell_""),-ROUNDDOWN(ROUNDUP(INDEX(Upgrades!$C$3:$C$13,MATCH(SUBSTITUTE(C29,""Sell_"",""""),Upgrades!$B$3:$B$13,0))*1.15^(COUNTIF(C$4:C28,SUBSTITUTE(C29,""Sell_"",""""))-COUNTIF(C$4:C28,""Sell_"&"""&SUBSTITUTE(C29,""Sell_"",""""))))/2),ROUNDUP(INDEX(Upgrades!$C$3:$C$13,MATCH(C29,Upgrades!$B$3:$B$13,0))*1.15^(COUNTIF(C$4:C28,C29)-COUNTIF(C$4:C28,""Sell_""&C29))))))"),11500.0) -> 11500 | H29: =IF(COUNTA(C29:C1668)=0,"",G29+IF(H28<0,H28)) -> 11500 | I29: =IF(COUNTA(C29:C1668)=0,"",I28+IF(H29>0,H29,0)/F28) -> 707.51036 | J29: =IF(COUNTA(C29:C1668)=0,"",IF(I29>3600,TRUNC(I29/3600)&"h ","")&IF(I29>59,IF(AND(I29>3599,QUOTIENT(MOD(I29,3600),60)<10),"0","")&QUOTIENT(MOD(I29,3600),60)&"m ","")&IF(AND(I29>=10,MOD(I29,60)<10),"0","")&ROUNDDOWN(MOD(I29,60),0)&"s") -> 11m 47s | K29: =IF(COUNTA(C29:C1668)=0,"",K28+IF(H29>0,H29,0)) -> 35702 | L29: =IFS(AND(COUNTA(C29:C1668)=0,COUNTA(Q29:Q1668)=0),"",OR(AND(K29>=1000000000,OR(Y29>=1000000000,COUNTA(Q29:Q1668)=0)),OR(Y29>=1000000000,AND(COUNTA(C29:C1668)=0,P$3=TRUE))),AF$1, AND(K29<1000000000,COUNTA(C29:C1668)>0,P$3=FALSE),TRUNC(LARGE(W$4:W1668,COUNTIF(Y$4:Y1668,">"&K29)+1)+(K29-LARGE(Y$4:Y1668,COUNTIF(Y$4:Y1668,">"&K29)+1))/LARGE(T$4:T1668,COUNTIF(Y$4:Y1668,">"&K29)+1)-I29,5),1, TRUNC(W29-LARGE(I$4:I1668,COUNTIF(K$4:K1668,">"&Y29)+1)-(Y29-LARGE(K$4:K1668,COUNTIF(K$4:K1668,">"&Y29)+1))/LARGE(F$4:F1668,COUNTIF(K$4:K1668,">"&Y29)+1),5)) -> 0 | M29: =IFERROR(__xludf.DUMMYFUNCTION("IFS(AND(COUNTA(C29:C1644)=0,COUNTA(Q29:Q1644)=0),"""",OR(AND(K29>=1000000000,OR(Y29>=1000000000,COUNTA(Q29:Q1644)=0)),OR(Y29>=1000000000,AND(COUNTA(C29:C1644)=0,P$3=TRUE))), ROUNDDOWN((AB$1-AC$1)*MAX(INDEX(T$4:T1644,MATCH(LARGE(FILTER(Y$4:Y1644,Y$4:Y1644<"&"1000000000),1),Y$4:Y1644)),INDEX(F$4:F1644,MATCH(LARGE(FILTER(K$4:K1644,K$4:K1644<1000000000),1),K$4:K1644)))),AND(K29<1000000000,COUNTA(C29:C1644)>0,P$3=FALSE), ROUNDDOWN(INDEX(Y$4:Y1644,MATCH(LARGE(FILTER(W$4:W1644,W$4:W1644<=I29),1),W$4:W1644))+(I29-LA"&"RGE(FILTER(W$4:W1644,W$4:W1644<=I29),1))*INDEX(T$4:T1644,MATCH(LARGE(FILTER(W$4:W1644,W$4:W1644<=I29),1),W$4:W1644))-K29),1, ROUNDDOWN(Y29-INDEX(K$4:K1644,MATCH(LARGE(FILTER(I$4:I1644,I$4:I1644<=W29),1),I$4:I1644))-(W29-LARGE(FILTER(I$4:I1644,I$4:I1644<=W"&"29),1))*INDEX(F$4:F1644,MATCH(LARGE(FILTER(I$4:I1644,I$4:I1644<=W29),1),I$4:I1644))))"),0.0) -> 0 | N29: =IF(ABS(L29)>=10000,TEXT(ROUND(L29,1),"#.#")&IF(RIGHT(TEXT(ROUND(L29,1),"#.#"))=",","0",""),L29) -> 0 | O29: =IF(ABS(M29)<1000000,M29,IF(ABS(M29)<1000000000,TEXT(ROUND(M29/1000000,1),"#.#")&IF(RIGHT(TEXT(ROUND(M29/1000000,1),"#.#"))=",","0","")&"M",TEXT(ROUND(M29/1000000000,1),"#.#")&IF(RIGHT(TEXT(ROUND(M29/1000000000,1),"#.#"))=",","0","")&"B")) -> 0 | P29: =IF(COUNTA(Q29:Q1668)=0,"",COUNTIF(Q$4:Q29,Q29)-COUNTIF(Q$4:Q29,"Sell_"&Q29)) -> 2 | Q29: Mine | R29: =IFERROR(__xludf.DUMMYFUNCTION("IF(COUNTA(Q29:Q1644)=0,"""",IF(ISBLANK(Q29),FALSE,IF(NOT(COUNTIF($AA$24:$AA$34,SUBSTITUTE(Q29,""Sell_"",""""))),1,IF(REGEXMATCH(Q29,""Sell_""),IF(COUNTIF(Q$4:Q29,SUBSTITUTE(Q29,""Sell_"",""""))-COUNTIF(Q$4:Q28,Q29)<1,1),FALSE))))"),FALSE) -> FALSE | S29: {=IF(COUNTA(Q29:Q1644)=0,"",SUM((COUNTIF(Q$4:Q29,Upgrades!$B$3:$B$13)-COUNTIF(Q$4:Q29,"Sell_"&Upgrades!$B$3:$B$13))*Upgrades!$D$3:$D$13))} -> 135.3 | T29: =IFERROR(__xludf.DUMMYFUNCTION("IF(COUNTA(Q29:Q1644)=0,"""",IF(REGEXMATCH(INDEX(FILTER(Q$4:Q29,Q$4:Q29<>""""),ROWS(FILTER(Q$4:Q29,Q$4:Q29<>""""))),""^Sell_""),INDEX(FILTER(T$4:T28,Q$4:Q28<>""""),ROWS(FILTER(Q$4:Q28,Q$4:Q28<>""""))),$AD$5+S29))"),145.3) -> 145.3 | U29: =IFERROR(__xludf.DUMMYFUNCTION("IF(COUNTA(Q29:Q1644)=0,"""",IF(Q29="""",0,IF(REGEXMATCH(Q29,""^Sell_""),-ROUNDDOWN(ROUNDUP(INDEX(Upgrades!$C$3:$C$13,MATCH(SUBSTITUTE(Q29,""Sell_"",""""),Upgrades!$B$3:$B$13,0))*1.15^(COUNTIF(Q$4:Q28,SUBSTITUTE(Q29,""Sell_"",""""))-COUNTIF(Q$4:Q28,""Sell_"&"""&SUBSTITUTE(Q29,""Sell_"",""""))))/2),ROUNDUP(INDEX(Upgrades!$C$3:$C$13,MATCH(Q29,Upgrades!$B$3:$B$13,0))*1.15^(COUNTIF(Q$4:Q28,Q29)-COUNTIF(Q$4:Q28,""Sell_""&Q29))))))"),11500.0) -> 11500 | V29: =IF(COUNTA(Q29:Q1668)=0,"",U29+IF(V28<0,V28)) -> 11500 | W29: =IF(COUNTA(Q29:Q1668)=0,"",W28+IF(V29>0,V29,0)/T28) -> 707.51036 | X29: =IF(COUNTA(Q29:Q1668)=0,"",IF(W29>3600,TRUNC(W29/3600)&"h ","")&IF(W29>59,IF(AND(W29>3599,QUOTIENT(MOD(W29,3600),60)<10),"0","")&QUOTIENT(MOD(W29,3600),60)&"m ","")&IF(AND(W29>=10,MOD(W29,60)<10),"0","")&ROUNDDOWN(MOD(W29,60),0)&"s") -> 11m 47s | Y29: =IF(COUNTA(Q29:Q1668)=0,"",Y28+IF(V29>0,V29,0)) -> 35702 | AA29: Shipment | AB29: (Buy / Sell)
B30: =IF(COUNTA(C30:C1669)=0,"",COUNTIF(C$4:C30,C30)-COUNTIF(C$4:C30,"Sell_"&C30)) -> 9 | C30: Farm | D30: =IFERROR(__xludf.DUMMYFUNCTION("IF(COUNTA(C30:C1644)=0,"""",IF(ISBLANK(C30),FALSE,IF(NOT(COUNTIF($AA$24:$AA$34,SUBSTITUTE(C30,""Sell_"",""""))),1,IF(REGEXMATCH(C30,""Sell_""),IF(COUNTIF(C$4:C30,SUBSTITUTE(C30,""Sell_"",""""))-COUNTIF(C$4:C29,C30)<1,1),FALSE))))"),FALSE) -> FALSE | E30: {=IF(COUNTA(C30:C1644)=0,"",SUM((COUNTIF(C$4:C30,Upgrades!$B$3:$B$13)-COUNTIF(C$4:C30,"Sell_"&Upgrades!$B$3:$B$13))*Upgrades!$D$3:$D$13))} -> 139.3 | F30: =IFERROR(__xludf.DUMMYFUNCTION("IF(COUNTA(C30:C1644)=0,"""",IF(REGEXMATCH(INDEX(FILTER(C$4:C30,C$4:C30<>""""),ROWS(FILTER(C$4:C30,C$4:C30<>""""))),""^Sell_""),INDEX(FILTER(F$4:F29,C$4:C29<>""""),ROWS(FILTER(C$4:C29,C$4:C29<>""""))),$AC$5+E30))"),149.3) -> 149.3 | G30: =IFERROR(__xludf.DUMMYFUNCTION("IF(COUNTA(C30:C1644)=0,"""",IF(C30="""",0,IF(REGEXMATCH(C30,""^Sell_""),-ROUNDDOWN(ROUNDUP(INDEX(Upgrades!$C$3:$C$13,MATCH(SUBSTITUTE(C30,""Sell_"",""""),Upgrades!$B$3:$B$13,0))*1.15^(COUNTIF(C$4:C29,SUBSTITUTE(C30,""Sell_"",""""))-COUNTIF(C$4:C29,""Sell_"&"""&SUBSTITUTE(C30,""Sell_"",""""))))/2),ROUNDUP(INDEX(Upgrades!$C$3:$C$13,MATCH(C30,Upgrades!$B$3:$B$13,0))*1.15^(COUNTIF(C$4:C29,C30)-COUNTIF(C$4:C29,""Sell_""&C30))))))"),1530.0) -> 1530 | H30: =IF(COUNTA(C30:C1669)=0,"",G30+IF(H29<0,H29)) -> 1530 | I30: =IF(COUNTA(C30:C1669)=0,"",I29+IF(H30>0,H30,0)/F29) -> 718.04029 | J30: =IF(COUNTA(C30:C1669)=0,"",IF(I30>3600,TRUNC(I30/3600)&"h ","")&IF(I30>59,IF(AND(I30>3599,QUOTIENT(MOD(I30,3600),60)<10),"0","")&QUOTIENT(MOD(I30,3600),60)&"m ","")&IF(AND(I30>=10,MOD(I30,60)<10),"0","")&ROUNDDOWN(MOD(I30,60),0)&"s") -> 11m 58s | K30: =IF(COUNTA(C30:C1669)=0,"",K29+IF(H30>0,H30,0)) -> 37232 | L30: =IFS(AND(COUNTA(C30:C1669)=0,COUNTA(Q30:Q1669)=0),"",OR(AND(K30>=1000000000,OR(Y30>=1000000000,COUNTA(Q30:Q1669)=0)),OR(Y30>=1000000000,AND(COUNTA(C30:C1669)=0,P$3=TRUE))),AF$1, AND(K30<1000000000,COUNTA(C30:C1669)>0,P$3=FALSE),TRUNC(LARGE(W$4:W1669,COUNTIF(Y$4:Y1669,">"&K30)+1)+(K30-LARGE(Y$4:Y1669,COUNTIF(Y$4:Y1669,">"&K30)+1))/LARGE(T$4:T1669,COUNTIF(Y$4:Y1669,">"&K30)+1)-I30,5),1, TRUNC(W30-LARGE(I$4:I1669,COUNTIF(K$4:K1669,">"&Y30)+1)-(Y30-LARGE(K$4:K1669,COUNTIF(K$4:K1669,">"&Y30)+1))/LARGE(F$4:F1669,COUNTIF(K$4:K1669,">"&Y30)+1),5)) -> 0 | M30: =IFERROR(__xludf.DUMMYFUNCTION("IFS(AND(COUNTA(C30:C1644)=0,COUNTA(Q30:Q1644)=0),"""",OR(AND(K30>=1000000000,OR(Y30>=1000000000,COUNTA(Q30:Q1644)=0)),OR(Y30>=1000000000,AND(COUNTA(C30:C1644)=0,P$3=TRUE))), ROUNDDOWN((AB$1-AC$1)*MAX(INDEX(T$4:T1644,MATCH(LARGE(FILTER(Y$4:Y1644,Y$4:Y1644<"&"1000000000),1),Y$4:Y1644)),INDEX(F$4:F1644,MATCH(LARGE(FILTER(K$4:K1644,K$4:K1644<1000000000),1),K$4:K1644)))),AND(K30<1000000000,COUNTA(C30:C1644)>0,P$3=FALSE), ROUNDDOWN(INDEX(Y$4:Y1644,MATCH(LARGE(FILTER(W$4:W1644,W$4:W1644<=I30),1),W$4:W1644))+(I30-LA"&"RGE(FILTER(W$4:W1644,W$4:W1644<=I30),1))*INDEX(T$4:T1644,MATCH(LARGE(FILTER(W$4:W1644,W$4:W1644<=I30),1),W$4:W1644))-K30),1, ROUNDDOWN(Y30-INDEX(K$4:K1644,MATCH(LARGE(FILTER(I$4:I1644,I$4:I1644<=W30),1),I$4:I1644))-(W30-LARGE(FILTER(I$4:I1644,I$4:I1644<=W"&"30),1))*INDEX(F$4:F1644,MATCH(LARGE(FILTER(I$4:I1644,I$4:I1644<=W30),1),I$4:I1644))))"),0.0) -> 0 | N30: =IF(ABS(L30)>=10000,TEXT(ROUND(L30,1),"#.#")&IF(RIGHT(TEXT(ROUND(L30,1),"#.#"))=",","0",""),L30) -> 0 | O30: =IF(ABS(M30)<1000000,M30,IF(ABS(M30)<1000000000,TEXT(ROUND(M30/1000000,1),"#.#")&IF(RIGHT(TEXT(ROUND(M30/1000000,1),"#.#"))=",","0","")&"M",TEXT(ROUND(M30/1000000000,1),"#.#")&IF(RIGHT(TEXT(ROUND(M30/1000000000,1),"#.#"))=",","0","")&"B")) -> 0 | P30: =IF(COUNTA(Q30:Q1669)=0,"",COUNTIF(Q$4:Q30,Q30)-COUNTIF(Q$4:Q30,"Sell_"&Q30)) -> 9 | Q30: Farm | R30: =IFERROR(__xludf.DUMMYFUNCTION("IF(COUNTA(Q30:Q1644)=0,"""",IF(ISBLANK(Q30),FALSE,IF(NOT(COUNTIF($AA$24:$AA$34,SUBSTITUTE(Q30,""Sell_"",""""))),1,IF(REGEXMATCH(Q30,""Sell_""),IF(COUNTIF(Q$4:Q30,SUBSTITUTE(Q30,""Sell_"",""""))-COUNTIF(Q$4:Q29,Q30)<1,1),FALSE))))"),FALSE) -> FALSE | S30: {=IF(COUNTA(Q30:Q1644)=0,"",SUM((COUNTIF(Q$4:Q30,Upgrades!$B$3:$B$13)-COUNTIF(Q$4:Q30,"Sell_"&Upgrades!$B$3:$B$13))*Upgrades!$D$3:$D$13))} -> 139.3 | T30: =IFERROR(__xludf.DUMMYFUNCTION("IF(COUNTA(Q30:Q1644)=0,"""",IF(REGEXMATCH(INDEX(FILTER(Q$4:Q30,Q$4:Q30<>""""),ROWS(FILTER(Q$4:Q30,Q$4:Q30<>""""))),""^Sell_""),INDEX(FILTER(T$4:T29,Q$4:Q29<>""""),ROWS(FILTER(Q$4:Q29,Q$4:Q29<>""""))),$AD$5+S30))"),149.3) -> 149.3 | U30: =IFERROR(__xludf.DUMMYFUNCTION("IF(COUNTA(Q30:Q1644)=0,"""",IF(Q30="""",0,IF(REGEXMATCH(Q30,""^Sell_""),-ROUNDDOWN(ROUNDUP(INDEX(Upgrades!$C$3:$C$13,MATCH(SUBSTITUTE(Q30,""Sell_"",""""),Upgrades!$B$3:$B$13,0))*1.15^(COUNTIF(Q$4:Q29,SUBSTITUTE(Q30,""Sell_"",""""))-COUNTIF(Q$4:Q29,""Sell_"&"""&SUBSTITUTE(Q30,""Sell_"",""""))))/2),ROUNDUP(INDEX(Upgrades!$C$3:$C$13,MATCH(Q30,Upgrades!$B$3:$B$13,0))*1.15^(COUNTIF(Q$4:Q29,Q30)-COUNTIF(Q$4:Q29,""Sell_""&Q30))))))"),1530.0) -> 1530 | V30: =IF(COUNTA(Q30:Q1669)=0,"",U30+IF(V29<0,V29)) -> 1530 | W30: =IF(COUNTA(Q30:Q1669)=0,"",W29+IF(V30>0,V30,0)/T29) -> 718.04029 | X30: =IF(COUNTA(Q30:Q1669)=0,"",IF(W30>3600,TRUNC(W30/3600)&"h ","")&IF(W30>59,IF(AND(W30>3599,QUOTIENT(MOD(W30,3600),60)<10),"0","")&QUOTIENT(MOD(W30,3600),60)&"m ","")&IF(AND(W30>=10,MOD(W30,60)<10),"0","")&ROUNDDOWN(MOD(W30,60),0)&"s") -> 11m 58s | Y30: =IF(COUNTA(Q30:Q1669)=0,"",Y29+IF(V30>0,V30,0)) -> 37232 | AA30: Alchemy | AB30: (Buy / Sell)
B31: =IF(COUNTA(C31:C1670)=0,"",COUNTIF(C$4:C31,C31)-COUNTIF(C$4:C31,"Sell_"&C31)) -> 6 | C31: Grandma | D31: =IFERROR(__xludf.DUMMYFUNCTION("IF(COUNTA(C31:C1644)=0,"""",IF(ISBLANK(C31),FALSE,IF(NOT(COUNTIF($AA$24:$AA$34,SUBSTITUTE(C31,""Sell_"",""""))),1,IF(REGEXMATCH(C31,""Sell_""),IF(COUNTIF(C$4:C31,SUBSTITUTE(C31,""Sell_"",""""))-COUNTIF(C$4:C30,C31)<1,1),FALSE))))"),FALSE) -> FALSE | E31: {=IF(COUNTA(C31:C1644)=0,"",SUM((COUNTIF(C$4:C31,Upgrades!$B$3:$B$13)-COUNTIF(C$4:C31,"Sell_"&Upgrades!$B$3:$B$13))*Upgrades!$D$3:$D$13))} -> 139.8 | F31: =IFERROR(__xludf.DUMMYFUNCTION("IF(COUNTA(C31:C1644)=0,"""",IF(REGEXMATCH(INDEX(FILTER(C$4:C31,C$4:C31<>""""),ROWS(FILTER(C$4:C31,C$4:C31<>""""))),""^Sell_""),INDEX(FILTER(F$4:F30,C$4:C30<>""""),ROWS(FILTER(C$4:C30,C$4:C30<>""""))),$AC$5+E31))"),149.8) -> 149.8 | G31: =IFERROR(__xludf.DUMMYFUNCTION("IF(COUNTA(C31:C1644)=0,"""",IF(C31="""",0,IF(REGEXMATCH(C31,""^Sell_""),-ROUNDDOWN(ROUNDUP(INDEX(Upgrades!$C$3:$C$13,MATCH(SUBSTITUTE(C31,""Sell_"",""""),Upgrades!$B$3:$B$13,0))*1.15^(COUNTIF(C$4:C30,SUBSTITUTE(C31,""Sell_"",""""))-COUNTIF(C$4:C30,""Sell_"&"""&SUBSTITUTE(C31,""Sell_"",""""))))/2),ROUNDUP(INDEX(Upgrades!$C$3:$C$13,MATCH(C31,Upgrades!$B$3:$B$13,0))*1.15^(COUNTIF(C$4:C30,C31)-COUNTIF(C$4:C30,""Sell_""&C31))))))"),202.0) -> 202 | H31: =IF(COUNTA(C31:C1670)=0,"",G31+IF(H30<0,H30)) -> 202 | I31: =IF(COUNTA(C31:C1670)=0,"",I30+IF(H31>0,H31,0)/F30) -> 719.39327 | J31: =IF(COUNTA(C31:C1670)=0,"",IF(I31>3600,TRUNC(I31/3600)&"h ","")&IF(I31>59,IF(AND(I31>3599,QUOTIENT(MOD(I31,3600),60)<10),"0","")&QUOTIENT(MOD(I31,3600),60)&"m ","")&IF(AND(I31>=10,MOD(I31,60)<10),"0","")&ROUNDDOWN(MOD(I31,60),0)&"s") -> 11m 59s | K31: =IF(COUNTA(C31:C1670)=0,"",K30+IF(H31>0,H31,0)) -> 37434 | L31: =IFS(AND(COUNTA(C31:C1670)=0,COUNTA(Q31:Q1670)=0),"",OR(AND(K31>=1000000000,OR(Y31>=1000000000,COUNTA(Q31:Q1670)=0)),OR(Y31>=1000000000,AND(COUNTA(C31:C1670)=0,P$3=TRUE))),AF$1, AND(K31<1000000000,COUNTA(C31:C1670)>0,P$3=FALSE),TRUNC(LARGE(W$4:W1670,COUNTIF(Y$4:Y1670,">"&K31)+1)+(K31-LARGE(Y$4:Y1670,COUNTIF(Y$4:Y1670,">"&K31)+1))/LARGE(T$4:T1670,COUNTIF(Y$4:Y1670,">"&K31)+1)-I31,5),1, TRUNC(W31-LARGE(I$4:I1670,COUNTIF(K$4:K1670,">"&Y31)+1)-(Y31-LARGE(K$4:K1670,COUNTIF(K$4:K1670,">"&Y31)+1))/LARGE(F$4:F1670,COUNTIF(K$4:K1670,">"&Y31)+1),5)) -> 0 | M31: =IFERROR(__xludf.DUMMYFUNCTION("IFS(AND(COUNTA(C31:C1644)=0,COUNTA(Q31:Q1644)=0),"""",OR(AND(K31>=1000000000,OR(Y31>=1000000000,COUNTA(Q31:Q1644)=0)),OR(Y31>=1000000000,AND(COUNTA(C31:C1644)=0,P$3=TRUE))), ROUNDDOWN((AB$1-AC$1)*MAX(INDEX(T$4:T1644,MATCH(LARGE(FILTER(Y$4:Y1644,Y$4:Y1644<"&"1000000000),1),Y$4:Y1644)),INDEX(F$4:F1644,MATCH(LARGE(FILTER(K$4:K1644,K$4:K1644<1000000000),1),K$4:K1644)))),AND(K31<1000000000,COUNTA(C31:C1644)>0,P$3=FALSE), ROUNDDOWN(INDEX(Y$4:Y1644,MATCH(LARGE(FILTER(W$4:W1644,W$4:W1644<=I31),1),W$4:W1644))+(I31-LA"&"RGE(FILTER(W$4:W1644,W$4:W1644<=I31),1))*INDEX(T$4:T1644,MATCH(LARGE(FILTER(W$4:W1644,W$4:W1644<=I31),1),W$4:W1644))-K31),1, ROUNDDOWN(Y31-INDEX(K$4:K1644,MATCH(LARGE(FILTER(I$4:I1644,I$4:I1644<=W31),1),I$4:I1644))-(W31-LARGE(FILTER(I$4:I1644,I$4:I1644<=W"&"31),1))*INDEX(F$4:F1644,MATCH(LARGE(FILTER(I$4:I1644,I$4:I1644<=W31),1),I$4:I1644))))"),0.0) -> 0 | N31: =IF(ABS(L31)>=10000,TEXT(ROUND(L31,1),"#.#")&IF(RIGHT(TEXT(ROUND(L31,1),"#.#"))=",","0",""),L31) -> 0 | O31: =IF(ABS(M31)<1000000,M31,IF(ABS(M31)<1000000000,TEXT(ROUND(M31/1000000,1),"#.#")&IF(RIGHT(TEXT(ROUND(M31/1000000,1),"#.#"))=",","0","")&"M",TEXT(ROUND(M31/1000000000,1),"#.#")&IF(RIGHT(TEXT(ROUND(M31/1000000000,1),"#.#"))=",","0","")&"B")) -> 0 | P31: =IF(COUNTA(Q31:Q1670)=0,"",COUNTIF(Q$4:Q31,Q31)-COUNTIF(Q$4:Q31,"Sell_"&Q31)) -> 6 | Q31: Grandma | R31: =IFERROR(__xludf.DUMMYFUNCTION("IF(COUNTA(Q31:Q1644)=0,"""",IF(ISBLANK(Q31),FALSE,IF(NOT(COUNTIF($AA$24:$AA$34,SUBSTITUTE(Q31,""Sell_"",""""))),1,IF(REGEXMATCH(Q31,""Sell_""),IF(COUNTIF(Q$4:Q31,SUBSTITUTE(Q31,""Sell_"",""""))-COUNTIF(Q$4:Q30,Q31)<1,1),FALSE))))"),FALSE) -> FALSE | S31: {=IF(COUNTA(Q31:Q1644)=0,"",SUM((COUNTIF(Q$4:Q31,Upgrades!$B$3:$B$13)-COUNTIF(Q$4:Q31,"Sell_"&Upgrades!$B$3:$B$13))*Upgrades!$D$3:$D$13))} -> 139.8 | T31: =IFERROR(__xludf.DUMMYFUNCTION("IF(COUNTA(Q31:Q1644)=0,"""",IF(REGEXMATCH(INDEX(FILTER(Q$4:Q31,Q$4:Q31<>""""),ROWS(FILTER(Q$4:Q31,Q$4:Q31<>""""))),""^Sell_""),INDEX(FILTER(T$4:T30,Q$4:Q30<>""""),ROWS(FILTER(Q$4:Q30,Q$4:Q30<>""""))),$AD$5+S31))"),149.8) -> 149.8 | U31: =IFERROR(__xludf.DUMMYFUNCTION("IF(COUNTA(Q31:Q1644)=0,"""",IF(Q31="""",0,IF(REGEXMATCH(Q31,""^Sell_""),-ROUNDDOWN(ROUNDUP(INDEX(Upgrades!$C$3:$C$13,MATCH(SUBSTITUTE(Q31,""Sell_"",""""),Upgrades!$B$3:$B$13,0))*1.15^(COUNTIF(Q$4:Q30,SUBSTITUTE(Q31,""Sell_"",""""))-COUNTIF(Q$4:Q30,""Sell_"&"""&SUBSTITUTE(Q31,""Sell_"",""""))))/2),ROUNDUP(INDEX(Upgrades!$C$3:$C$13,MATCH(Q31,Upgrades!$B$3:$B$13,0))*1.15^(COUNTIF(Q$4:Q30,Q31)-COUNTIF(Q$4:Q30,""Sell_""&Q31))))))"),202.0) -> 202 | V31: =IF(COUNTA(Q31:Q1670)=0,"",U31+IF(V30<0,V30)) -> 202 | W31: =IF(COUNTA(Q31:Q1670)=0,"",W30+IF(V31>0,V31,0)/T30) -> 719.39327 | X31: =IF(COUNTA(Q31:Q1670)=0,"",IF(W31>3600,TRUNC(W31/3600)&"h ","")&IF(W31>59,IF(AND(W31>3599,QUOTIENT(MOD(W31,3600),60)<10),"0","")&QUOTIENT(MOD(W31,3600),60)&"m ","")&IF(AND(W31>=10,MOD(W31,60)<10),"0","")&ROUNDDOWN(MOD(W31,60),0)&"s") -> 11m 59s | Y31: =IF(COUNTA(Q31:Q1670)=0,"",Y30+IF(V31>0,V31,0)) -> 37434 | AA31: Portal | AB31: (Buy / Sell)
B32: =IF(COUNTA(C32:C1671)=0,"",COUNTIF(C$4:C32,C32)-COUNTIF(C$4:C32,"Sell_"&C32)) -> 3 | C32: Mine | D32: =IFERROR(__xludf.DUMMYFUNCTION("IF(COUNTA(C32:C1644)=0,"""",IF(ISBLANK(C32),FALSE,IF(NOT(COUNTIF($AA$24:$AA$34,SUBSTITUTE(C32,""Sell_"",""""))),1,IF(REGEXMATCH(C32,""Sell_""),IF(COUNTIF(C$4:C32,SUBSTITUTE(C32,""Sell_"",""""))-COUNTIF(C$4:C31,C32)<1,1),FALSE))))"),FALSE) -> FALSE | E32: {=IF(COUNTA(C32:C1644)=0,"",SUM((COUNTIF(C$4:C32,Upgrades!$B$3:$B$13)-COUNTIF(C$4:C32,"Sell_"&Upgrades!$B$3:$B$13))*Upgrades!$D$3:$D$13))} -> 179.8 | F32: =IFERROR(__xludf.DUMMYFUNCTION("IF(COUNTA(C32:C1644)=0,"""",IF(REGEXMATCH(INDEX(FILTER(C$4:C32,C$4:C32<>""""),ROWS(FILTER(C$4:C32,C$4:C32<>""""))),""^Sell_""),INDEX(FILTER(F$4:F31,C$4:C31<>""""),ROWS(FILTER(C$4:C31,C$4:C31<>""""))),$AC$5+E32))"),189.8) -> 189.8 | G32: =IFERROR(__xludf.DUMMYFUNCTION("IF(COUNTA(C32:C1644)=0,"""",IF(C32="""",0,IF(REGEXMATCH(C32,""^Sell_""),-ROUNDDOWN(ROUNDUP(INDEX(Upgrades!$C$3:$C$13,MATCH(SUBSTITUTE(C32,""Sell_"",""""),Upgrades!$B$3:$B$13,0))*1.15^(COUNTIF(C$4:C31,SUBSTITUTE(C32,""Sell_"",""""))-COUNTIF(C$4:C31,""Sell_"&"""&SUBSTITUTE(C32,""Sell_"",""""))))/2),ROUNDUP(INDEX(Upgrades!$C$3:$C$13,MATCH(C32,Upgrades!$B$3:$B$13,0))*1.15^(COUNTIF(C$4:C31,C32)-COUNTIF(C$4:C31,""Sell_""&C32))))))"),13225.0) -> 13225 | H32: =IF(COUNTA(C32:C1671)=0,"",G32+IF(H31<0,H31)) -> 13225 | I32: =IF(COUNTA(C32:C1671)=0,"",I31+IF(H32>0,H32,0)/F31) -> 807.67765 | J32: =IF(COUNTA(C32:C1671)=0,"",IF(I32>3600,TRUNC(I32/3600)&"h ","")&IF(I32>59,IF(AND(I32>3599,QUOTIENT(MOD(I32,3600),60)<10),"0","")&QUOTIENT(MOD(I32,3600),60)&"m ","")&IF(AND(I32>=10,MOD(I32,60)<10),"0","")&ROUNDDOWN(MOD(I32,60),0)&"s") -> 13m 27s | K32: =IF(COUNTA(C32:C1671)=0,"",K31+IF(H32>0,H32,0)) -> 50659 | L32: =IFS(AND(COUNTA(C32:C1671)=0,COUNTA(Q32:Q1671)=0),"",OR(AND(K32>=1000000000,OR(Y32>=1000000000,COUNTA(Q32:Q1671)=0)),OR(Y32>=1000000000,AND(COUNTA(C32:C1671)=0,P$3=TRUE))),AF$1, AND(K32<1000000000,COUNTA(C32:C1671)>0,P$3=FALSE),TRUNC(LARGE(W$4:W1671,COUNTIF(Y$4:Y1671,">"&K32)+1)+(K32-LARGE(Y$4:Y1671,COUNTIF(Y$4:Y1671,">"&K32)+1))/LARGE(T$4:T1671,COUNTIF(Y$4:Y1671,">"&K32)+1)-I32,5),1, TRUNC(W32-LARGE(I$4:I1671,COUNTIF(K$4:K1671,">"&Y32)+1)-(Y32-LARGE(K$4:K1671,COUNTIF(K$4:K1671,">"&Y32)+1))/LARGE(F$4:F1671,COUNTIF(K$4:K1671,">"&Y32)+1),5)) -> 0 | M32: =IFERROR(__xludf.DUMMYFUNCTION("IFS(AND(COUNTA(C32:C1644)=0,COUNTA(Q32:Q1644)=0),"""",OR(AND(K32>=1000000000,OR(Y32>=1000000000,COUNTA(Q32:Q1644)=0)),OR(Y32>=1000000000,AND(COUNTA(C32:C1644)=0,P$3=TRUE))), ROUNDDOWN((AB$1-AC$1)*MAX(INDEX(T$4:T1644,MATCH(LARGE(FILTER(Y$4:Y1644,Y$4:Y1644<"&"1000000000),1),Y$4:Y1644)),INDEX(F$4:F1644,MATCH(LARGE(FILTER(K$4:K1644,K$4:K1644<1000000000),1),K$4:K1644)))),AND(K32<1000000000,COUNTA(C32:C1644)>0,P$3=FALSE), ROUNDDOWN(INDEX(Y$4:Y1644,MATCH(LARGE(FILTER(W$4:W1644,W$4:W1644<=I32),1),W$4:W1644))+(I32-LA"&"RGE(FILTER(W$4:W1644,W$4:W1644<=I32),1))*INDEX(T$4:T1644,MATCH(LARGE(FILTER(W$4:W1644,W$4:W1644<=I32),1),W$4:W1644))-K32),1, ROUNDDOWN(Y32-INDEX(K$4:K1644,MATCH(LARGE(FILTER(I$4:I1644,I$4:I1644<=W32),1),I$4:I1644))-(W32-LARGE(FILTER(I$4:I1644,I$4:I1644<=W"&"32),1))*INDEX(F$4:F1644,MATCH(LARGE(FILTER(I$4:I1644,I$4:I1644<=W32),1),I$4:I1644))))"),0.0) -> 0 | N32: =IF(ABS(L32)>=10000,TEXT(ROUND(L32,1),"#.#")&IF(RIGHT(TEXT(ROUND(L32,1),"#.#"))=",","0",""),L32) -> 0 | O32: =IF(ABS(M32)<1000000,M32,IF(ABS(M32)<1000000000,TEXT(ROUND(M32/1000000,1),"#.#")&IF(RIGHT(TEXT(ROUND(M32/1000000,1),"#.#"))=",","0","")&"M",TEXT(ROUND(M32/1000000000,1),"#.#")&IF(RIGHT(TEXT(ROUND(M32/1000000000,1),"#.#"))=",","0","")&"B")) -> 0 | P32: =IF(COUNTA(Q32:Q1671)=0,"",COUNTIF(Q$4:Q32,Q32)-COUNTIF(Q$4:Q32,"Sell_"&Q32)) -> 3 | Q32: Mine | R32: =IFERROR(__xludf.DUMMYFUNCTION("IF(COUNTA(Q32:Q1644)=0,"""",IF(ISBLANK(Q32),FALSE,IF(NOT(COUNTIF($AA$24:$AA$34,SUBSTITUTE(Q32,""Sell_"",""""))),1,IF(REGEXMATCH(Q32,""Sell_""),IF(COUNTIF(Q$4:Q32,SUBSTITUTE(Q32,""Sell_"",""""))-COUNTIF(Q$4:Q31,Q32)<1,1),FALSE))))"),FALSE) -> FALSE | S32: {=IF(COUNTA(Q32:Q1644)=0,"",SUM((COUNTIF(Q$4:Q32,Upgrades!$B$3:$B$13)-COUNTIF(Q$4:Q32,"Sell_"&Upgrades!$B$3:$B$13))*Upgrades!$D$3:$D$13))} -> 179.8 | T32: =IFERROR(__xludf.DUMMYFUNCTION("IF(COUNTA(Q32:Q1644)=0,"""",IF(REGEXMATCH(INDEX(FILTER(Q$4:Q32,Q$4:Q32<>""""),ROWS(FILTER(Q$4:Q32,Q$4:Q32<>""""))),""^Sell_""),INDEX(FILTER(T$4:T31,Q$4:Q31<>""""),ROWS(FILTER(Q$4:Q31,Q$4:Q31<>""""))),$AD$5+S32))"),189.8) -> 189.8 | U32: =IFERROR(__xludf.DUMMYFUNCTION("IF(COUNTA(Q32:Q1644)=0,"""",IF(Q32="""",0,IF(REGEXMATCH(Q32,""^Sell_""),-ROUNDDOWN(ROUNDUP(INDEX(Upgrades!$C$3:$C$13,MATCH(SUBSTITUTE(Q32,""Sell_"",""""),Upgrades!$B$3:$B$13,0))*1.15^(COUNTIF(Q$4:Q31,SUBSTITUTE(Q32,""Sell_"",""""))-COUNTIF(Q$4:Q31,""Sell_"&"""&SUBSTITUTE(Q32,""Sell_"",""""))))/2),ROUNDUP(INDEX(Upgrades!$C$3:$C$13,MATCH(Q32,Upgrades!$B$3:$B$13,0))*1.15^(COUNTIF(Q$4:Q31,Q32)-COUNTIF(Q$4:Q31,""Sell_""&Q32))))))"),13225.0) -> 13225 | V32: =IF(COUNTA(Q32:Q1671)=0,"",U32+IF(V31<0,V31)) -> 13225 | W32: =IF(COUNTA(Q32:Q1671)=0,"",W31+IF(V32>0,V32,0)/T31) -> 807.67765 | X32: =IF(COUNTA(Q32:Q1671)=0,"",IF(W32>3600,TRUNC(W32/3600)&"h ","")&IF(W32>59,IF(AND(W32>3599,QUOTIENT(MOD(W32,3600),60)<10),"0","")&QUOTIENT(MOD(W32,3600),60)&"m ","")&IF(AND(W32>=10,MOD(W32,60)<10),"0","")&ROUNDDOWN(MOD(W32,60),0)&"s") -> 13m 27s | Y32: =IF(COUNTA(Q32:Q1671)=0,"",Y31+IF(V32>0,V32,0)) -> 50659 | AA32: Time | AB32: (Buy / Sell)
B33: =IF(COUNTA(C33:C1672)=0,"",COUNTIF(C$4:C33,C33)-COUNTIF(C$4:C33,"Sell_"&C33)) -> 3 | C33: Factory | D33: =IFERROR(__xludf.DUMMYFUNCTION("IF(COUNTA(C33:C1644)=0,"""",IF(ISBLANK(C33),FALSE,IF(NOT(COUNTIF($AA$24:$AA$34,SUBSTITUTE(C33,""Sell_"",""""))),1,IF(REGEXMATCH(C33,""Sell_""),IF(COUNTIF(C$4:C33,SUBSTITUTE(C33,""Sell_"",""""))-COUNTIF(C$4:C32,C33)<1,1),FALSE))))"),FALSE) -> FALSE | E33: {=IF(COUNTA(C33:C1644)=0,"",SUM((COUNTIF(C$4:C33,Upgrades!$B$3:$B$13)-COUNTIF(C$4:C33,"Sell_"&Upgrades!$B$3:$B$13))*Upgrades!$D$3:$D$13))} -> 189.8 | F33: =IFERROR(__xludf.DUMMYFUNCTION("IF(COUNTA(C33:C1644)=0,"""",IF(REGEXMATCH(INDEX(FILTER(C$4:C33,C$4:C33<>""""),ROWS(FILTER(C$4:C33,C$4:C33<>""""))),""^Sell_""),INDEX(FILTER(F$4:F32,C$4:C32<>""""),ROWS(FILTER(C$4:C32,C$4:C32<>""""))),$AC$5+E33))"),199.8) -> 199.8 | G33: =IFERROR(__xludf.DUMMYFUNCTION("IF(COUNTA(C33:C1644)=0,"""",IF(C33="""",0,IF(REGEXMATCH(C33,""^Sell_""),-ROUNDDOWN(ROUNDUP(INDEX(Upgrades!$C$3:$C$13,MATCH(SUBSTITUTE(C33,""Sell_"",""""),Upgrades!$B$3:$B$13,0))*1.15^(COUNTIF(C$4:C32,SUBSTITUTE(C33,""Sell_"",""""))-COUNTIF(C$4:C32,""Sell_"&"""&SUBSTITUTE(C33,""Sell_"",""""))))/2),ROUNDUP(INDEX(Upgrades!$C$3:$C$13,MATCH(C33,Upgrades!$B$3:$B$13,0))*1.15^(COUNTIF(C$4:C32,C33)-COUNTIF(C$4:C32,""Sell_""&C33))))))"),3968.0) -> 3968 | H33: =IF(COUNTA(C33:C1672)=0,"",G33+IF(H32<0,H32)) -> 3968 | I33: =IF(COUNTA(C33:C1672)=0,"",I32+IF(H33>0,H33,0)/F32) -> 828.58387 | J33: =IF(COUNTA(C33:C1672)=0,"",IF(I33>3600,TRUNC(I33/3600)&"h ","")&IF(I33>59,IF(AND(I33>3599,QUOTIENT(MOD(I33,3600),60)<10),"0","")&QUOTIENT(MOD(I33,3600),60)&"m ","")&IF(AND(I33>=10,MOD(I33,60)<10),"0","")&ROUNDDOWN(MOD(I33,60),0)&"s") -> 13m 48s | K33: =IF(COUNTA(C33:C1672)=0,"",K32+IF(H33>0,H33,0)) -> 54627 | L33: =IFS(AND(COUNTA(C33:C1672)=0,COUNTA(Q33:Q1672)=0),"",OR(AND(K33>=1000000000,OR(Y33>=1000000000,COUNTA(Q33:Q1672)=0)),OR(Y33>=1000000000,AND(COUNTA(C33:C1672)=0,P$3=TRUE))),AF$1, AND(K33<1000000000,COUNTA(C33:C1672)>0,P$3=FALSE),TRUNC(LARGE(W$4:W1672,COUNTIF(Y$4:Y1672,">"&K33)+1)+(K33-LARGE(Y$4:Y1672,COUNTIF(Y$4:Y1672,">"&K33)+1))/LARGE(T$4:T1672,COUNTIF(Y$4:Y1672,">"&K33)+1)-I33,5),1, TRUNC(W33-LARGE(I$4:I1672,COUNTIF(K$4:K1672,">"&Y33)+1)-(Y33-LARGE(K$4:K1672,COUNTIF(K$4:K1672,">"&Y33)+1))/LARGE(F$4:F1672,COUNTIF(K$4:K1672,">"&Y33)+1),5)) -> 0 | M33: =IFERROR(__xludf.DUMMYFUNCTION("IFS(AND(COUNTA(C33:C1644)=0,COUNTA(Q33:Q1644)=0),"""",OR(AND(K33>=1000000000,OR(Y33>=1000000000,COUNTA(Q33:Q1644)=0)),OR(Y33>=1000000000,AND(COUNTA(C33:C1644)=0,P$3=TRUE))), ROUNDDOWN((AB$1-AC$1)*MAX(INDEX(T$4:T1644,MATCH(LARGE(FILTER(Y$4:Y1644,Y$4:Y1644<"&"1000000000),1),Y$4:Y1644)),INDEX(F$4:F1644,MATCH(LARGE(FILTER(K$4:K1644,K$4:K1644<1000000000),1),K$4:K1644)))),AND(K33<1000000000,COUNTA(C33:C1644)>0,P$3=FALSE), ROUNDDOWN(INDEX(Y$4:Y1644,MATCH(LARGE(FILTER(W$4:W1644,W$4:W1644<=I33),1),W$4:W1644))+(I33-LA"&"RGE(FILTER(W$4:W1644,W$4:W1644<=I33),1))*INDEX(T$4:T1644,MATCH(LARGE(FILTER(W$4:W1644,W$4:W1644<=I33),1),W$4:W1644))-K33),1, ROUNDDOWN(Y33-INDEX(K$4:K1644,MATCH(LARGE(FILTER(I$4:I1644,I$4:I1644<=W33),1),I$4:I1644))-(W33-LARGE(FILTER(I$4:I1644,I$4:I1644<=W"&"33),1))*INDEX(F$4:F1644,MATCH(LARGE(FILTER(I$4:I1644,I$4:I1644<=W33),1),I$4:I1644))))"),0.0) -> 0 | N33: =IF(ABS(L33)>=10000,TEXT(ROUND(L33,1),"#.#")&IF(RIGHT(TEXT(ROUND(L33,1),"#.#"))=",","0",""),L33) -> 0 | O33: =IF(ABS(M33)<1000000,M33,IF(ABS(M33)<1000000000,TEXT(ROUND(M33/1000000,1),"#.#")&IF(RIGHT(TEXT(ROUND(M33/1000000,1),"#.#"))=",","0","")&"M",TEXT(ROUND(M33/1000000000,1),"#.#")&IF(RIGHT(TEXT(ROUND(M33/1000000000,1),"#.#"))=",","0","")&"B")) -> 0 | P33: =IF(COUNTA(Q33:Q1672)=0,"",COUNTIF(Q$4:Q33,Q33)-COUNTIF(Q$4:Q33,"Sell_"&Q33)) -> 3 | Q33: Factory | R33: =IFERROR(__xludf.DUMMYFUNCTION("IF(COUNTA(Q33:Q1644)=0,"""",IF(ISBLANK(Q33),FALSE,IF(NOT(COUNTIF($AA$24:$AA$34,SUBSTITUTE(Q33,""Sell_"",""""))),1,IF(REGEXMATCH(Q33,""Sell_""),IF(COUNTIF(Q$4:Q33,SUBSTITUTE(Q33,""Sell_"",""""))-COUNTIF(Q$4:Q32,Q33)<1,1),FALSE))))"),FALSE) -> FALSE | S33: {=IF(COUNTA(Q33:Q1644)=0,"",SUM((COUNTIF(Q$4:Q33,Upgrades!$B$3:$B$13)-COUNTIF(Q$4:Q33,"Sell_"&Upgrades!$B$3:$B$13))*Upgrades!$D$3:$D$13))} -> 189.8 | T33: =IFERROR(__xludf.DUMMYFUNCTION("IF(COUNTA(Q33:Q1644)=0,"""",IF(REGEXMATCH(INDEX(FILTER(Q$4:Q33,Q$4:Q33<>""""),ROWS(FILTER(Q$4:Q33,Q$4:Q33<>""""))),""^Sell_""),INDEX(FILTER(T$4:T32,Q$4:Q32<>""""),ROWS(FILTER(Q$4:Q32,Q$4:Q32<>""""))),$AD$5+S33))"),199.8) -> 199.8 | U33: =IFERROR(__xludf.DUMMYFUNCTION("IF(COUNTA(Q33:Q1644)=0,"""",IF(Q33="""",0,IF(REGEXMATCH(Q33,""^Sell_""),-ROUNDDOWN(ROUNDUP(INDEX(Upgrades!$C$3:$C$13,MATCH(SUBSTITUTE(Q33,""Sell_"",""""),Upgrades!$B$3:$B$13,0))*1.15^(COUNTIF(Q$4:Q32,SUBSTITUTE(Q33,""Sell_"",""""))-COUNTIF(Q$4:Q32,""Sell_"&"""&SUBSTITUTE(Q33,""Sell_"",""""))))/2),ROUNDUP(INDEX(Upgrades!$C$3:$C$13,MATCH(Q33,Upgrades!$B$3:$B$13,0))*1.15^(COUNTIF(Q$4:Q32,Q33)-COUNTIF(Q$4:Q32,""Sell_""&Q33))))))"),3968.0) -> 3968 | V33: =IF(COUNTA(Q33:Q1672)=0,"",U33+IF(V32<0,V32)) -> 3968 | W33: =IF(COUNTA(Q33:Q1672)=0,"",W32+IF(V33>0,V33,0)/T32) -> 828.58387 | X33: =IF(COUNTA(Q33:Q1672)=0,"",IF(W33>3600,TRUNC(W33/3600)&"h ","")&IF(W33>59,IF(AND(W33>3599,QUOTIENT(MOD(W33,3600),60)<10),"0","")&QUOTIENT(MOD(W33,3600),60)&"m ","")&IF(AND(W33>=10,MOD(W33,60)<10),"0","")&ROUNDDOWN(MOD(W33,60),0)&"s") -> 13m 48s | Y33: =IF(COUNTA(Q33:Q1672)=0,"",Y32+IF(V33>0,V33,0)) -> 54627 | AA33: Antimatter | AB33: (Buy / Sell)
B34: =IF(COUNTA(C34:C1673)=0,"",COUNTIF(C$4:C34,C34)-COUNTIF(C$4:C34,"Sell_"&C34)) -> 10 | C34: Farm | D34: =IFERROR(__xludf.DUMMYFUNCTION("IF(COUNTA(C34:C1644)=0,"""",IF(ISBLANK(C34),FALSE,IF(NOT(COUNTIF($AA$24:$AA$34,SUBSTITUTE(C34,""Sell_"",""""))),1,IF(REGEXMATCH(C34,""Sell_""),IF(COUNTIF(C$4:C34,SUBSTITUTE(C34,""Sell_"",""""))-COUNTIF(C$4:C33,C34)<1,1),FALSE))))"),FALSE) -> FALSE | E34: {=IF(COUNTA(C34:C1644)=0,"",SUM((COUNTIF(C$4:C34,Upgrades!$B$3:$B$13)-COUNTIF(C$4:C34,"Sell_"&Upgrades!$B$3:$B$13))*Upgrades!$D$3:$D$13))} -> 193.8 | F34: =IFERROR(__xludf.DUMMYFUNCTION("IF(COUNTA(C34:C1644)=0,"""",IF(REGEXMATCH(INDEX(FILTER(C$4:C34,C$4:C34<>""""),ROWS(FILTER(C$4:C34,C$4:C34<>""""))),""^Sell_""),INDEX(FILTER(F$4:F33,C$4:C33<>""""),ROWS(FILTER(C$4:C33,C$4:C33<>""""))),$AC$5+E34))"),203.8) -> 203.8 | G34: =IFERROR(__xludf.DUMMYFUNCTION("IF(COUNTA(C34:C1644)=0,"""",IF(C34="""",0,IF(REGEXMATCH(C34,""^Sell_""),-ROUNDDOWN(ROUNDUP(INDEX(Upgrades!$C$3:$C$13,MATCH(SUBSTITUTE(C34,""Sell_"",""""),Upgrades!$B$3:$B$13,0))*1.15^(COUNTIF(C$4:C33,SUBSTITUTE(C34,""Sell_"",""""))-COUNTIF(C$4:C33,""Sell_"&"""&SUBSTITUTE(C34,""Sell_"",""""))))/2),ROUNDUP(INDEX(Upgrades!$C$3:$C$13,MATCH(C34,Upgrades!$B$3:$B$13,0))*1.15^(COUNTIF(C$4:C33,C34)-COUNTIF(C$4:C33,""Sell_""&C34))))))"),1759.0) -> 1759 | H34: =IF(COUNTA(C34:C1673)=0,"",G34+IF(H33<0,H33)) -> 1759 | I34: =IF(COUNTA(C34:C1673)=0,"",I33+IF(H34>0,H34,0)/F33) -> 837.38767 | J34: =IF(COUNTA(C34:C1673)=0,"",IF(I34>3600,TRUNC(I34/3600)&"h ","")&IF(I34>59,IF(AND(I34>3599,QUOTIENT(MOD(I34,3600),60)<10),"0","")&QUOTIENT(MOD(I34,3600),60)&"m ","")&IF(AND(I34>=10,MOD(I34,60)<10),"0","")&ROUNDDOWN(MOD(I34,60),0)&"s") -> 13m 57s | K34: =IF(COUNTA(C34:C1673)=0,"",K33+IF(H34>0,H34,0)) -> 56386 | L34: =IFS(AND(COUNTA(C34:C1673)=0,COUNTA(Q34:Q1673)=0),"",OR(AND(K34>=1000000000,OR(Y34>=1000000000,COUNTA(Q34:Q1673)=0)),OR(Y34>=1000000000,AND(COUNTA(C34:C1673)=0,P$3=TRUE))),AF$1, AND(K34<1000000000,COUNTA(C34:C1673)>0,P$3=FALSE),TRUNC(LARGE(W$4:W1673,COUNTIF(Y$4:Y1673,">"&K34)+1)+(K34-LARGE(Y$4:Y1673,COUNTIF(Y$4:Y1673,">"&K34)+1))/LARGE(T$4:T1673,COUNTIF(Y$4:Y1673,">"&K34)+1)-I34,5),1, TRUNC(W34-LARGE(I$4:I1673,COUNTIF(K$4:K1673,">"&Y34)+1)-(Y34-LARGE(K$4:K1673,COUNTIF(K$4:K1673,">"&Y34)+1))/LARGE(F$4:F1673,COUNTIF(K$4:K1673,">"&Y34)+1),5)) -> 0 | M34: =IFERROR(__xludf.DUMMYFUNCTION("IFS(AND(COUNTA(C34:C1644)=0,COUNTA(Q34:Q1644)=0),"""",OR(AND(K34>=1000000000,OR(Y34>=1000000000,COUNTA(Q34:Q1644)=0)),OR(Y34>=1000000000,AND(COUNTA(C34:C1644)=0,P$3=TRUE))), ROUNDDOWN((AB$1-AC$1)*MAX(INDEX(T$4:T1644,MATCH(LARGE(FILTER(Y$4:Y1644,Y$4:Y1644<"&"1000000000),1),Y$4:Y1644)),INDEX(F$4:F1644,MATCH(LARGE(FILTER(K$4:K1644,K$4:K1644<1000000000),1),K$4:K1644)))),AND(K34<1000000000,COUNTA(C34:C1644)>0,P$3=FALSE), ROUNDDOWN(INDEX(Y$4:Y1644,MATCH(LARGE(FILTER(W$4:W1644,W$4:W1644<=I34),1),W$4:W1644))+(I34-LA"&"RGE(FILTER(W$4:W1644,W$4:W1644<=I34),1))*INDEX(T$4:T1644,MATCH(LARGE(FILTER(W$4:W1644,W$4:W1644<=I34),1),W$4:W1644))-K34),1, ROUNDDOWN(Y34-INDEX(K$4:K1644,MATCH(LARGE(FILTER(I$4:I1644,I$4:I1644<=W34),1),I$4:I1644))-(W34-LARGE(FILTER(I$4:I1644,I$4:I1644<=W"&"34),1))*INDEX(F$4:F1644,MATCH(LARGE(FILTER(I$4:I1644,I$4:I1644<=W34),1),I$4:I1644))))"),0.0) -> 0 | N34: =IF(ABS(L34)>=10000,TEXT(ROUND(L34,1),"#.#")&IF(RIGHT(TEXT(ROUND(L34,1),"#.#"))=",","0",""),L34) -> 0 | O34: =IF(ABS(M34)<1000000,M34,IF(ABS(M34)<1000000000,TEXT(ROUND(M34/1000000,1),"#.#")&IF(RIGHT(TEXT(ROUND(M34/1000000,1),"#.#"))=",","0","")&"M",TEXT(ROUND(M34/1000000000,1),"#.#")&IF(RIGHT(TEXT(ROUND(M34/1000000000,1),"#.#"))=",","0","")&"B")) -> 0 | P34: =IF(COUNTA(Q34:Q1673)=0,"",COUNTIF(Q$4:Q34,Q34)-COUNTIF(Q$4:Q34,"Sell_"&Q34)) -> 10 | Q34: Farm | R34: =IFERROR(__xludf.DUMMYFUNCTION("IF(COUNTA(Q34:Q1644)=0,"""",IF(ISBLANK(Q34),FALSE,IF(NOT(COUNTIF($AA$24:$AA$34,SUBSTITUTE(Q34,""Sell_"",""""))),1,IF(REGEXMATCH(Q34,""Sell_""),IF(COUNTIF(Q$4:Q34,SUBSTITUTE(Q34,""Sell_"",""""))-COUNTIF(Q$4:Q33,Q34)<1,1),FALSE))))"),FALSE) -> FALSE | S34: {=IF(COUNTA(Q34:Q1644)=0,"",SUM((COUNTIF(Q$4:Q34,Upgrades!$B$3:$B$13)-COUNTIF(Q$4:Q34,"Sell_"&Upgrades!$B$3:$B$13))*Upgrades!$D$3:$D$13))} -> 193.8 | T34: =IFERROR(__xludf.DUMMYFUNCTION("IF(COUNTA(Q34:Q1644)=0,"""",IF(REGEXMATCH(INDEX(FILTER(Q$4:Q34,Q$4:Q34<>""""),ROWS(FILTER(Q$4:Q34,Q$4:Q34<>""""))),""^Sell_""),INDEX(FILTER(T$4:T33,Q$4:Q33<>""""),ROWS(FILTER(Q$4:Q33,Q$4:Q33<>""""))),$AD$5+S34))"),203.8) -> 203.8 | U34: =IFERROR(__xludf.DUMMYFUNCTION("IF(COUNTA(Q34:Q1644)=0,"""",IF(Q34="""",0,IF(REGEXMATCH(Q34,""^Sell_""),-ROUNDDOWN(ROUNDUP(INDEX(Upgrades!$C$3:$C$13,MATCH(SUBSTITUTE(Q34,""Sell_"",""""),Upgrades!$B$3:$B$13,0))*1.15^(COUNTIF(Q$4:Q33,SUBSTITUTE(Q34,""Sell_"",""""))-COUNTIF(Q$4:Q33,""Sell_"&"""&SUBSTITUTE(Q34,""Sell_"",""""))))/2),ROUNDUP(INDEX(Upgrades!$C$3:$C$13,MATCH(Q34,Upgrades!$B$3:$B$13,0))*1.15^(COUNTIF(Q$4:Q33,Q34)-COUNTIF(Q$4:Q33,""Sell_""&Q34))))))"),1759.0) -> 1759 | V34: =IF(COUNTA(Q34:Q1673)=0,"",U34+IF(V33<0,V33)) -> 1759 | W34: =IF(COUNTA(Q34:Q1673)=0,"",W33+IF(V34>0,V34,0)/T33) -> 837.38767 | X34: =IF(COUNTA(Q34:Q1673)=0,"",IF(W34>3600,TRUNC(W34/3600)&"h ","")&IF(W34>59,IF(AND(W34>3599,QUOTIENT(MOD(W34,3600),60)<10),"0","")&QUOTIENT(MOD(W34,3600),60)&"m ","")&IF(AND(W34>=10,MOD(W34,60)<10),"0","")&ROUNDDOWN(MOD(W34,60),0)&"s") -> 13m 57s | Y34: =IF(COUNTA(Q34:Q1673)=0,"",Y33+IF(V34>0,V34,0)) -> 56386 | AA34: Prism | AB34: (Buy / Sell)
B35: =IF(COUNTA(C35:C1674)=0,"",COUNTIF(C$4:C35,C35)-COUNTIF(C$4:C35,"Sell_"&C35)) -> 4 | C35: Mine | D35: =IFERROR(__xludf.DUMMYFUNCTION("IF(COUNTA(C35:C1644)=0,"""",IF(ISBLANK(C35),FALSE,IF(NOT(COUNTIF($AA$24:$AA$34,SUBSTITUTE(C35,""Sell_"",""""))),1,IF(REGEXMATCH(C35,""Sell_""),IF(COUNTIF(C$4:C35,SUBSTITUTE(C35,""Sell_"",""""))-COUNTIF(C$4:C34,C35)<1,1),FALSE))))"),FALSE) -> FALSE | E35: {=IF(COUNTA(C35:C1644)=0,"",SUM((COUNTIF(C$4:C35,Upgrades!$B$3:$B$13)-COUNTIF(C$4:C35,"Sell_"&Upgrades!$B$3:$B$13))*Upgrades!$D$3:$D$13))} -> 233.8 | F35: =IFERROR(__xludf.DUMMYFUNCTION("IF(COUNTA(C35:C1644)=0,"""",IF(REGEXMATCH(INDEX(FILTER(C$4:C35,C$4:C35<>""""),ROWS(FILTER(C$4:C35,C$4:C35<>""""))),""^Sell_""),INDEX(FILTER(F$4:F34,C$4:C34<>""""),ROWS(FILTER(C$4:C34,C$4:C34<>""""))),$AC$5+E35))"),243.8) -> 243.8 | G35: =IFERROR(__xludf.DUMMYFUNCTION("IF(COUNTA(C35:C1644)=0,"""",IF(C35="""",0,IF(REGEXMATCH(C35,""^Sell_""),-ROUNDDOWN(ROUNDUP(INDEX(Upgrades!$C$3:$C$13,MATCH(SUBSTITUTE(C35,""Sell_"",""""),Upgrades!$B$3:$B$13,0))*1.15^(COUNTIF(C$4:C34,SUBSTITUTE(C35,""Sell_"",""""))-COUNTIF(C$4:C34,""Sell_"&"""&SUBSTITUTE(C35,""Sell_"",""""))))/2),ROUNDUP(INDEX(Upgrades!$C$3:$C$13,MATCH(C35,Upgrades!$B$3:$B$13,0))*1.15^(COUNTIF(C$4:C34,C35)-COUNTIF(C$4:C34,""Sell_""&C35))))))"),15209.0) -> 15209 | H35: =IF(COUNTA(C35:C1674)=0,"",G35+IF(H34<0,H34)) -> 15209 | I35: =IF(COUNTA(C35:C1674)=0,"",I34+IF(H35>0,H35,0)/F34) -> 912.01476 | J35: =IF(COUNTA(C35:C1674)=0,"",IF(I35>3600,TRUNC(I35/3600)&"h ","")&IF(I35>59,IF(AND(I35>3599,QUOTIENT(MOD(I35,3600),60)<10),"0","")&QUOTIENT(MOD(I35,3600),60)&"m ","")&IF(AND(I35>=10,MOD(I35,60)<10),"0","")&ROUNDDOWN(MOD(I35,60),0)&"s") -> 15m 12s | K35: =IF(COUNTA(C35:C1674)=0,"",K34+IF(H35>0,H35,0)) -> 71595 | L35: =IFS(AND(COUNTA(C35:C1674)=0,COUNTA(Q35:Q1674)=0),"",OR(AND(K35>=1000000000,OR(Y35>=1000000000,COUNTA(Q35:Q1674)=0)),OR(Y35>=1000000000,AND(COUNTA(C35:C1674)=0,P$3=TRUE))),AF$1, AND(K35<1000000000,COUNTA(C35:C1674)>0,P$3=FALSE),TRUNC(LARGE(W$4:W1674,COUNTIF(Y$4:Y1674,">"&K35)+1)+(K35-LARGE(Y$4:Y1674,COUNTIF(Y$4:Y1674,">"&K35)+1))/LARGE(T$4:T1674,COUNTIF(Y$4:Y1674,">"&K35)+1)-I35,5),1, TRUNC(W35-LARGE(I$4:I1674,COUNTIF(K$4:K1674,">"&Y35)+1)-(Y35-LARGE(K$4:K1674,COUNTIF(K$4:K1674,">"&Y35)+1))/LARGE(F$4:F1674,COUNTIF(K$4:K1674,">"&Y35)+1),5)) -> 0 | M35: =IFERROR(__xludf.DUMMYFUNCTION("IFS(AND(COUNTA(C35:C1644)=0,COUNTA(Q35:Q1644)=0),"""",OR(AND(K35>=1000000000,OR(Y35>=1000000000,COUNTA(Q35:Q1644)=0)),OR(Y35>=1000000000,AND(COUNTA(C35:C1644)=0,P$3=TRUE))), ROUNDDOWN((AB$1-AC$1)*MAX(INDEX(T$4:T1644,MATCH(LARGE(FILTER(Y$4:Y1644,Y$4:Y1644<"&"1000000000),1),Y$4:Y1644)),INDEX(F$4:F1644,MATCH(LARGE(FILTER(K$4:K1644,K$4:K1644<1000000000),1),K$4:K1644)))),AND(K35<1000000000,COUNTA(C35:C1644)>0,P$3=FALSE), ROUNDDOWN(INDEX(Y$4:Y1644,MATCH(LARGE(FILTER(W$4:W1644,W$4:W1644<=I35),1),W$4:W1644))+(I35-LA"&"RGE(FILTER(W$4:W1644,W$4:W1644<=I35),1))*INDEX(T$4:T1644,MATCH(LARGE(FILTER(W$4:W1644,W$4:W1644<=I35),1),W$4:W1644))-K35),1, ROUNDDOWN(Y35-INDEX(K$4:K1644,MATCH(LARGE(FILTER(I$4:I1644,I$4:I1644<=W35),1),I$4:I1644))-(W35-LARGE(FILTER(I$4:I1644,I$4:I1644<=W"&"35),1))*INDEX(F$4:F1644,MATCH(LARGE(FILTER(I$4:I1644,I$4:I1644<=W35),1),I$4:I1644))))"),0.0) -> 0 | N35: =IF(ABS(L35)>=10000,TEXT(ROUND(L35,1),"#.#")&IF(RIGHT(TEXT(ROUND(L35,1),"#.#"))=",","0",""),L35) -> 0 | O35: =IF(ABS(M35)<1000000,M35,IF(ABS(M35)<1000000000,TEXT(ROUND(M35/1000000,1),"#.#")&IF(RIGHT(TEXT(ROUND(M35/1000000,1),"#.#"))=",","0","")&"M",TEXT(ROUND(M35/1000000000,1),"#.#")&IF(RIGHT(TEXT(ROUND(M35/1000000000,1),"#.#"))=",","0","")&"B")) -> 0 | P35: =IF(COUNTA(Q35:Q1674)=0,"",COUNTIF(Q$4:Q35,Q35)-COUNTIF(Q$4:Q35,"Sell_"&Q35)) -> 4 | Q35: Mine | R35: =IFERROR(__xludf.DUMMYFUNCTION("IF(COUNTA(Q35:Q1644)=0,"""",IF(ISBLANK(Q35),FALSE,IF(NOT(COUNTIF($AA$24:$AA$34,SUBSTITUTE(Q35,""Sell_"",""""))),1,IF(REGEXMATCH(Q35,""Sell_""),IF(COUNTIF(Q$4:Q35,SUBSTITUTE(Q35,""Sell_"",""""))-COUNTIF(Q$4:Q34,Q35)<1,1),FALSE))))"),FALSE) -> FALSE | S35: {=IF(COUNTA(Q35:Q1644)=0,"",SUM((COUNTIF(Q$4:Q35,Upgrades!$B$3:$B$13)-COUNTIF(Q$4:Q35,"Sell_"&Upgrades!$B$3:$B$13))*Upgrades!$D$3:$D$13))} -> 233.8 | T35: =IFERROR(__xludf.DUMMYFUNCTION("IF(COUNTA(Q35:Q1644)=0,"""",IF(REGEXMATCH(INDEX(FILTER(Q$4:Q35,Q$4:Q35<>""""),ROWS(FILTER(Q$4:Q35,Q$4:Q35<>""""))),""^Sell_""),INDEX(FILTER(T$4:T34,Q$4:Q34<>""""),ROWS(FILTER(Q$4:Q34,Q$4:Q34<>""""))),$AD$5+S35))"),243.8) -> 243.8 | U35: =IFERROR(__xludf.DUMMYFUNCTION("IF(COUNTA(Q35:Q1644)=0,"""",IF(Q35="""",0,IF(REGEXMATCH(Q35,""^Sell_""),-ROUNDDOWN(ROUNDUP(INDEX(Upgrades!$C$3:$C$13,MATCH(SUBSTITUTE(Q35,""Sell_"",""""),Upgrades!$B$3:$B$13,0))*1.15^(COUNTIF(Q$4:Q34,SUBSTITUTE(Q35,""Sell_"",""""))-COUNTIF(Q$4:Q34,""Sell_"&"""&SUBSTITUTE(Q35,""Sell_"",""""))))/2),ROUNDUP(INDEX(Upgrades!$C$3:$C$13,MATCH(Q35,Upgrades!$B$3:$B$13,0))*1.15^(COUNTIF(Q$4:Q34,Q35)-COUNTIF(Q$4:Q34,""Sell_""&Q35))))))"),15209.0) -> 15209 | V35: =IF(COUNTA(Q35:Q1674)=0,"",U35+IF(V34<0,V34)) -> 15209 | W35: =IF(COUNTA(Q35:Q1674)=0,"",W34+IF(V35>0,V35,0)/T34) -> 912.01476 | X35: =IF(COUNTA(Q35:Q1674)=0,"",IF(W35>3600,TRUNC(W35/3600)&"h ","")&IF(W35>59,IF(AND(W35>3599,QUOTIENT(MOD(W35,3600),60)<10),"0","")&QUOTIENT(MOD(W35,3600),60)&"m ","")&IF(AND(W35>=10,MOD(W35,60)<10),"0","")&ROUNDDOWN(MOD(W35,60),0)&"s") -> 15m 12s | Y35: =IF(COUNTA(Q35:Q1674)=0,"",Y34+IF(V35>0,V35,0)) -> 71595
B36: =IF(COUNTA(C36:C1675)=0,"",COUNTIF(C$4:C36,C36)-COUNTIF(C$4:C36,"Sell_"&C36)) -> 9 | C36: Cursor | D36: =IFERROR(__xludf.DUMMYFUNCTION("IF(COUNTA(C36:C1644)=0,"""",IF(ISBLANK(C36),FALSE,IF(NOT(COUNTIF($AA$24:$AA$34,SUBSTITUTE(C36,""Sell_"",""""))),1,IF(REGEXMATCH(C36,""Sell_""),IF(COUNTIF(C$4:C36,SUBSTITUTE(C36,""Sell_"",""""))-COUNTIF(C$4:C35,C36)<1,1),FALSE))))"),FALSE) -> FALSE | E36: {=IF(COUNTA(C36:C1644)=0,"",SUM((COUNTIF(C$4:C36,Upgrades!$B$3:$B$13)-COUNTIF(C$4:C36,"Sell_"&Upgrades!$B$3:$B$13))*Upgrades!$D$3:$D$13))} -> 233.9 | F36: =IFERROR(__xludf.DUMMYFUNCTION("IF(COUNTA(C36:C1644)=0,"""",IF(REGEXMATCH(INDEX(FILTER(C$4:C36,C$4:C36<>""""),ROWS(FILTER(C$4:C36,C$4:C36<>""""))),""^Sell_""),INDEX(FILTER(F$4:F35,C$4:C35<>""""),ROWS(FILTER(C$4:C35,C$4:C35<>""""))),$AC$5+E36))"),243.9) -> 243.9 | G36: =IFERROR(__xludf.DUMMYFUNCTION("IF(COUNTA(C36:C1644)=0,"""",IF(C36="""",0,IF(REGEXMATCH(C36,""^Sell_""),-ROUNDDOWN(ROUNDUP(INDEX(Upgrades!$C$3:$C$13,MATCH(SUBSTITUTE(C36,""Sell_"",""""),Upgrades!$B$3:$B$13,0))*1.15^(COUNTIF(C$4:C35,SUBSTITUTE(C36,""Sell_"",""""))-COUNTIF(C$4:C35,""Sell_"&"""&SUBSTITUTE(C36,""Sell_"",""""))))/2),ROUNDUP(INDEX(Upgrades!$C$3:$C$13,MATCH(C36,Upgrades!$B$3:$B$13,0))*1.15^(COUNTIF(C$4:C35,C36)-COUNTIF(C$4:C35,""Sell_""&C36))))))"),46.0) -> 46 | H36: =IF(COUNTA(C36:C1675)=0,"",G36+IF(H35<0,H35)) -> 46 | I36: =IF(COUNTA(C36:C1675)=0,"",I35+IF(H36>0,H36,0)/F35) -> 912.20344 | J36: =IF(COUNTA(C36:C1675)=0,"",IF(I36>3600,TRUNC(I36/3600)&"h ","")&IF(I36>59,IF(AND(I36>3599,QUOTIENT(MOD(I36,3600),60)<10),"0","")&QUOTIENT(MOD(I36,3600),60)&"m ","")&IF(AND(I36>=10,MOD(I36,60)<10),"0","")&ROUNDDOWN(MOD(I36,60),0)&"s") -> 15m 12s | K36: =IF(COUNTA(C36:C1675)=0,"",K35+IF(H36>0,H36,0)) -> 71641 | L36: =IFS(AND(COUNTA(C36:C1675)=0,COUNTA(Q36:Q1675)=0),"",OR(AND(K36>=1000000000,OR(Y36>=1000000000,COUNTA(Q36:Q1675)=0)),OR(Y36>=1000000000,AND(COUNTA(C36:C1675)=0,P$3=TRUE))),AF$1, AND(K36<1000000000,COUNTA(C36:C1675)>0,P$3=FALSE),TRUNC(LARGE(W$4:W1675,COUNTIF(Y$4:Y1675,">"&K36)+1)+(K36-LARGE(Y$4:Y1675,COUNTIF(Y$4:Y1675,">"&K36)+1))/LARGE(T$4:T1675,COUNTIF(Y$4:Y1675,">"&K36)+1)-I36,5),1, TRUNC(W36-LARGE(I$4:I1675,COUNTIF(K$4:K1675,">"&Y36)+1)-(Y36-LARGE(K$4:K1675,COUNTIF(K$4:K1675,">"&Y36)+1))/LARGE(F$4:F1675,COUNTIF(K$4:K1675,">"&Y36)+1),5)) -> 0 | M36: =IFERROR(__xludf.DUMMYFUNCTION("IFS(AND(COUNTA(C36:C1644)=0,COUNTA(Q36:Q1644)=0),"""",OR(AND(K36>=1000000000,OR(Y36>=1000000000,COUNTA(Q36:Q1644)=0)),OR(Y36>=1000000000,AND(COUNTA(C36:C1644)=0,P$3=TRUE))), ROUNDDOWN((AB$1-AC$1)*MAX(INDEX(T$4:T1644,MATCH(LARGE(FILTER(Y$4:Y1644,Y$4:Y1644<"&"1000000000),1),Y$4:Y1644)),INDEX(F$4:F1644,MATCH(LARGE(FILTER(K$4:K1644,K$4:K1644<1000000000),1),K$4:K1644)))),AND(K36<1000000000,COUNTA(C36:C1644)>0,P$3=FALSE), ROUNDDOWN(INDEX(Y$4:Y1644,MATCH(LARGE(FILTER(W$4:W1644,W$4:W1644<=I36),1),W$4:W1644))+(I36-LA"&"RGE(FILTER(W$4:W1644,W$4:W1644<=I36),1))*INDEX(T$4:T1644,MATCH(LARGE(FILTER(W$4:W1644,W$4:W1644<=I36),1),W$4:W1644))-K36),1, ROUNDDOWN(Y36-INDEX(K$4:K1644,MATCH(LARGE(FILTER(I$4:I1644,I$4:I1644<=W36),1),I$4:I1644))-(W36-LARGE(FILTER(I$4:I1644,I$4:I1644<=W"&"36),1))*INDEX(F$4:F1644,MATCH(LARGE(FILTER(I$4:I1644,I$4:I1644<=W36),1),I$4:I1644))))"),0.0) -> 0 | N36: =IF(ABS(L36)>=10000,TEXT(ROUND(L36,1),"#.#")&IF(RIGHT(TEXT(ROUND(L36,1),"#.#"))=",","0",""),L36) -> 0 | O36: =IF(ABS(M36)<1000000,M36,IF(ABS(M36)<1000000000,TEXT(ROUND(M36/1000000,1),"#.#")&IF(RIGHT(TEXT(ROUND(M36/1000000,1),"#.#"))=",","0","")&"M",TEXT(ROUND(M36/1000000000,1),"#.#")&IF(RIGHT(TEXT(ROUND(M36/1000000000,1),"#.#"))=",","0","")&"B")) -> 0 | P36: =IF(COUNTA(Q36:Q1675)=0,"",COUNTIF(Q$4:Q36,Q36)-COUNTIF(Q$4:Q36,"Sell_"&Q36)) -> 9 | Q36: Cursor | R36: =IFERROR(__xludf.DUMMYFUNCTION("IF(COUNTA(Q36:Q1644)=0,"""",IF(ISBLANK(Q36),FALSE,IF(NOT(COUNTIF($AA$24:$AA$34,SUBSTITUTE(Q36,""Sell_"",""""))),1,IF(REGEXMATCH(Q36,""Sell_""),IF(COUNTIF(Q$4:Q36,SUBSTITUTE(Q36,""Sell_"",""""))-COUNTIF(Q$4:Q35,Q36)<1,1),FALSE))))"),FALSE) -> FALSE | S36: {=IF(COUNTA(Q36:Q1644)=0,"",SUM((COUNTIF(Q$4:Q36,Upgrades!$B$3:$B$13)-COUNTIF(Q$4:Q36,"Sell_"&Upgrades!$B$3:$B$13))*Upgrades!$D$3:$D$13))} -> 233.9 | T36: =IFERROR(__xludf.DUMMYFUNCTION("IF(COUNTA(Q36:Q1644)=0,"""",IF(REGEXMATCH(INDEX(FILTER(Q$4:Q36,Q$4:Q36<>""""),ROWS(FILTER(Q$4:Q36,Q$4:Q36<>""""))),""^Sell_""),INDEX(FILTER(T$4:T35,Q$4:Q35<>""""),ROWS(FILTER(Q$4:Q35,Q$4:Q35<>""""))),$AD$5+S36))"),243.9) -> 243.9 | U36: =IFERROR(__xludf.DUMMYFUNCTION("IF(COUNTA(Q36:Q1644)=0,"""",IF(Q36="""",0,IF(REGEXMATCH(Q36,""^Sell_""),-ROUNDDOWN(ROUNDUP(INDEX(Upgrades!$C$3:$C$13,MATCH(SUBSTITUTE(Q36,""Sell_"",""""),Upgrades!$B$3:$B$13,0))*1.15^(COUNTIF(Q$4:Q35,SUBSTITUTE(Q36,""Sell_"",""""))-COUNTIF(Q$4:Q35,""Sell_"&"""&SUBSTITUTE(Q36,""Sell_"",""""))))/2),ROUNDUP(INDEX(Upgrades!$C$3:$C$13,MATCH(Q36,Upgrades!$B$3:$B$13,0))*1.15^(COUNTIF(Q$4:Q35,Q36)-COUNTIF(Q$4:Q35,""Sell_""&Q36))))))"),46.0) -> 46 | V36: =IF(COUNTA(Q36:Q1675)=0,"",U36+IF(V35<0,V35)) -> 46 | W36: =IF(COUNTA(Q36:Q1675)=0,"",W35+IF(V36>0,V36,0)/T35) -> 912.20344 | X36: =IF(COUNTA(Q36:Q1675)=0,"",IF(W36>3600,TRUNC(W36/3600)&"h ","")&IF(W36>59,IF(AND(W36>3599,QUOTIENT(MOD(W36,3600),60)<10),"0","")&QUOTIENT(MOD(W36,3600),60)&"m ","")&IF(AND(W36>=10,MOD(W36,60)<10),"0","")&ROUNDDOWN(MOD(W36,60),0)&"s") -> 15m 12s | Y36: =IF(COUNTA(Q36:Q1675)=0,"",Y35+IF(V36>0,V36,0)) -> 71641 | AA36: Last updated: 25/03/2022
B37: =IF(COUNTA(C37:C1676)=0,"",COUNTIF(C$4:C37,C37)-COUNTIF(C$4:C37,"Sell_"&C37)) -> 7 | C37: Grandma | D37: =IFERROR(__xludf.DUMMYFUNCTION("IF(COUNTA(C37:C1644)=0,"""",IF(ISBLANK(C37),FALSE,IF(NOT(COUNTIF($AA$24:$AA$34,SUBSTITUTE(C37,""Sell_"",""""))),1,IF(REGEXMATCH(C37,""Sell_""),IF(COUNTIF(C$4:C37,SUBSTITUTE(C37,""Sell_"",""""))-COUNTIF(C$4:C36,C37)<1,1),FALSE))))"),FALSE) -> FALSE | E37: {=IF(COUNTA(C37:C1644)=0,"",SUM((COUNTIF(C$4:C37,Upgrades!$B$3:$B$13)-COUNTIF(C$4:C37,"Sell_"&Upgrades!$B$3:$B$13))*Upgrades!$D$3:$D$13))} -> 234.4 | F37: =IFERROR(__xludf.DUMMYFUNCTION("IF(COUNTA(C37:C1644)=0,"""",IF(REGEXMATCH(INDEX(FILTER(C$4:C37,C$4:C37<>""""),ROWS(FILTER(C$4:C37,C$4:C37<>""""))),""^Sell_""),INDEX(FILTER(F$4:F36,C$4:C36<>""""),ROWS(FILTER(C$4:C36,C$4:C36<>""""))),$AC$5+E37))"),244.4) -> 244.4 | G37: =IFERROR(__xludf.DUMMYFUNCTION("IF(COUNTA(C37:C1644)=0,"""",IF(C37="""",0,IF(REGEXMATCH(C37,""^Sell_""),-ROUNDDOWN(ROUNDUP(INDEX(Upgrades!$C$3:$C$13,MATCH(SUBSTITUTE(C37,""Sell_"",""""),Upgrades!$B$3:$B$13,0))*1.15^(COUNTIF(C$4:C36,SUBSTITUTE(C37,""Sell_"",""""))-COUNTIF(C$4:C36,""Sell_"&"""&SUBSTITUTE(C37,""Sell_"",""""))))/2),ROUNDUP(INDEX(Upgrades!$C$3:$C$13,MATCH(C37,Upgrades!$B$3:$B$13,0))*1.15^(COUNTIF(C$4:C36,C37)-COUNTIF(C$4:C36,""Sell_""&C37))))))"),232.0) -> 232 | H37: =IF(COUNTA(C37:C1676)=0,"",G37+IF(H36<0,H36)) -> 232 | I37: =IF(COUNTA(C37:C1676)=0,"",I36+IF(H37>0,H37,0)/F36) -> 913.15465 | J37: =IF(COUNTA(C37:C1676)=0,"",IF(I37>3600,TRUNC(I37/3600)&"h ","")&IF(I37>59,IF(AND(I37>3599,QUOTIENT(MOD(I37,3600),60)<10),"0","")&QUOTIENT(MOD(I37,3600),60)&"m ","")&IF(AND(I37>=10,MOD(I37,60)<10),"0","")&ROUNDDOWN(MOD(I37,60),0)&"s") -> 15m 13s | K37: =IF(COUNTA(C37:C1676)=0,"",K36+IF(H37>0,H37,0)) -> 71873 | L37: =IFS(AND(COUNTA(C37:C1676)=0,COUNTA(Q37:Q1676)=0),"",OR(AND(K37>=1000000000,OR(Y37>=1000000000,COUNTA(Q37:Q1676)=0)),OR(Y37>=1000000000,AND(COUNTA(C37:C1676)=0,P$3=TRUE))),AF$1, AND(K37<1000000000,COUNTA(C37:C1676)>0,P$3=FALSE),TRUNC(LARGE(W$4:W1676,COUNTIF(Y$4:Y1676,">"&K37)+1)+(K37-LARGE(Y$4:Y1676,COUNTIF(Y$4:Y1676,">"&K37)+1))/LARGE(T$4:T1676,COUNTIF(Y$4:Y1676,">"&K37)+1)-I37,5),1, TRUNC(W37-LARGE(I$4:I1676,COUNTIF(K$4:K1676,">"&Y37)+1)-(Y37-LARGE(K$4:K1676,COUNTIF(K$4:K1676,">"&Y37)+1))/LARGE(F$4:F1676,COUNTIF(K$4:K1676,">"&Y37)+1),5)) -> 0 | M37: =IFERROR(__xludf.DUMMYFUNCTION("IFS(AND(COUNTA(C37:C1644)=0,COUNTA(Q37:Q1644)=0),"""",OR(AND(K37>=1000000000,OR(Y37>=1000000000,COUNTA(Q37:Q1644)=0)),OR(Y37>=1000000000,AND(COUNTA(C37:C1644)=0,P$3=TRUE))), ROUNDDOWN((AB$1-AC$1)*MAX(INDEX(T$4:T1644,MATCH(LARGE(FILTER(Y$4:Y1644,Y$4:Y1644<"&"1000000000),1),Y$4:Y1644)),INDEX(F$4:F1644,MATCH(LARGE(FILTER(K$4:K1644,K$4:K1644<1000000000),1),K$4:K1644)))),AND(K37<1000000000,COUNTA(C37:C1644)>0,P$3=FALSE), ROUNDDOWN(INDEX(Y$4:Y1644,MATCH(LARGE(FILTER(W$4:W1644,W$4:W1644<=I37),1),W$4:W1644))+(I37-LA"&"RGE(FILTER(W$4:W1644,W$4:W1644<=I37),1))*INDEX(T$4:T1644,MATCH(LARGE(FILTER(W$4:W1644,W$4:W1644<=I37),1),W$4:W1644))-K37),1, ROUNDDOWN(Y37-INDEX(K$4:K1644,MATCH(LARGE(FILTER(I$4:I1644,I$4:I1644<=W37),1),I$4:I1644))-(W37-LARGE(FILTER(I$4:I1644,I$4:I1644<=W"&"37),1))*INDEX(F$4:F1644,MATCH(LARGE(FILTER(I$4:I1644,I$4:I1644<=W37),1),I$4:I1644))))"),0.0) -> 0 | N37: =IF(ABS(L37)>=10000,TEXT(ROUND(L37,1),"#.#")&IF(RIGHT(TEXT(ROUND(L37,1),"#.#"))=",","0",""),L37) -> 0 | O37: =IF(ABS(M37)<1000000,M37,IF(ABS(M37)<1000000000,TEXT(ROUND(M37/1000000,1),"#.#")&IF(RIGHT(TEXT(ROUND(M37/1000000,1),"#.#"))=",","0","")&"M",TEXT(ROUND(M37/1000000000,1),"#.#")&IF(RIGHT(TEXT(ROUND(M37/1000000000,1),"#.#"))=",","0","")&"B")) -> 0 | P37: =IF(COUNTA(Q37:Q1676)=0,"",COUNTIF(Q$4:Q37,Q37)-COUNTIF(Q$4:Q37,"Sell_"&Q37)) -> 7 | Q37: Grandma | R37: =IFERROR(__xludf.DUMMYFUNCTION("IF(COUNTA(Q37:Q1644)=0,"""",IF(ISBLANK(Q37),FALSE,IF(NOT(COUNTIF($AA$24:$AA$34,SUBSTITUTE(Q37,""Sell_"",""""))),1,IF(REGEXMATCH(Q37,""Sell_""),IF(COUNTIF(Q$4:Q37,SUBSTITUTE(Q37,""Sell_"",""""))-COUNTIF(Q$4:Q36,Q37)<1,1),FALSE))))"),FALSE) -> FALSE | S37: {=IF(COUNTA(Q37:Q1644)=0,"",SUM((COUNTIF(Q$4:Q37,Upgrades!$B$3:$B$13)-COUNTIF(Q$4:Q37,"Sell_"&Upgrades!$B$3:$B$13))*Upgrades!$D$3:$D$13))} -> 234.4 | T37: =IFERROR(__xludf.DUMMYFUNCTION("IF(COUNTA(Q37:Q1644)=0,"""",IF(REGEXMATCH(INDEX(FILTER(Q$4:Q37,Q$4:Q37<>""""),ROWS(FILTER(Q$4:Q37,Q$4:Q37<>""""))),""^Sell_""),INDEX(FILTER(T$4:T36,Q$4:Q36<>""""),ROWS(FILTER(Q$4:Q36,Q$4:Q36<>""""))),$AD$5+S37))"),244.4) -> 244.4 | U37: =IFERROR(__xludf.DUMMYFUNCTION("IF(COUNTA(Q37:Q1644)=0,"""",IF(Q37="""",0,IF(REGEXMATCH(Q37,""^Sell_""),-ROUNDDOWN(ROUNDUP(INDEX(Upgrades!$C$3:$C$13,MATCH(SUBSTITUTE(Q37,""Sell_"",""""),Upgrades!$B$3:$B$13,0))*1.15^(COUNTIF(Q$4:Q36,SUBSTITUTE(Q37,""Sell_"",""""))-COUNTIF(Q$4:Q36,""Sell_"&"""&SUBSTITUTE(Q37,""Sell_"",""""))))/2),ROUNDUP(INDEX(Upgrades!$C$3:$C$13,MATCH(Q37,Upgrades!$B$3:$B$13,0))*1.15^(COUNTIF(Q$4:Q36,Q37)-COUNTIF(Q$4:Q36,""Sell_""&Q37))))))"),232.0) -> 232 | V37: =IF(COUNTA(Q37:Q1676)=0,"",U37+IF(V36<0,V36)) -> 232 | W37: =IF(COUNTA(Q37:Q1676)=0,"",W36+IF(V37>0,V37,0)/T36) -> 913.15465 | X37: =IF(COUNTA(Q37:Q1676)=0,"",IF(W37>3600,TRUNC(W37/3600)&"h ","")&IF(W37>59,IF(AND(W37>3599,QUOTIENT(MOD(W37,3600),60)<10),"0","")&QUOTIENT(MOD(W37,3600),60)&"m ","")&IF(AND(W37>=10,MOD(W37,60)<10),"0","")&ROUNDDOWN(MOD(W37,60),0)&"s") -> 15m 13s | Y37: =IF(COUNTA(Q37:Q1676)=0,"",Y36+IF(V37>0,V37,0)) -> 71873 | AA37: Best Route by: dha
B38: =IF(COUNTA(C38:C1677)=0,"",COUNTIF(C$4:C38,C38)-COUNTIF(C$4:C38,"Sell_"&C38)) -> 4 | C38: Factory | D38: =IFERROR(__xludf.DUMMYFUNCTION("IF(COUNTA(C38:C1644)=0,"""",IF(ISBLANK(C38),FALSE,IF(NOT(COUNTIF($AA$24:$AA$34,SUBSTITUTE(C38,""Sell_"",""""))),1,IF(REGEXMATCH(C38,""Sell_""),IF(COUNTIF(C$4:C38,SUBSTITUTE(C38,""Sell_"",""""))-COUNTIF(C$4:C37,C38)<1,1),FALSE))))"),FALSE) -> FALSE | E38: {=IF(COUNTA(C38:C1644)=0,"",SUM((COUNTIF(C$4:C38,Upgrades!$B$3:$B$13)-COUNTIF(C$4:C38,"Sell_"&Upgrades!$B$3:$B$13))*Upgrades!$D$3:$D$13))} -> 244.4 | F38: =IFERROR(__xludf.DUMMYFUNCTION("IF(COUNTA(C38:C1644)=0,"""",IF(REGEXMATCH(INDEX(FILTER(C$4:C38,C$4:C38<>""""),ROWS(FILTER(C$4:C38,C$4:C38<>""""))),""^Sell_""),INDEX(FILTER(F$4:F37,C$4:C37<>""""),ROWS(FILTER(C$4:C37,C$4:C37<>""""))),$AC$5+E38))"),254.4) -> 254.4 | G38: =IFERROR(__xludf.DUMMYFUNCTION("IF(COUNTA(C38:C1644)=0,"""",IF(C38="""",0,IF(REGEXMATCH(C38,""^Sell_""),-ROUNDDOWN(ROUNDUP(INDEX(Upgrades!$C$3:$C$13,MATCH(SUBSTITUTE(C38,""Sell_"",""""),Upgrades!$B$3:$B$13,0))*1.15^(COUNTIF(C$4:C37,SUBSTITUTE(C38,""Sell_"",""""))-COUNTIF(C$4:C37,""Sell_"&"""&SUBSTITUTE(C38,""Sell_"",""""))))/2),ROUNDUP(INDEX(Upgrades!$C$3:$C$13,MATCH(C38,Upgrades!$B$3:$B$13,0))*1.15^(COUNTIF(C$4:C37,C38)-COUNTIF(C$4:C37,""Sell_""&C38))))))"),4563.0) -> 4563 | H38: =IF(COUNTA(C38:C1677)=0,"",G38+IF(H37<0,H37)) -> 4563 | I38: =IF(COUNTA(C38:C1677)=0,"",I37+IF(H38>0,H38,0)/F37) -> 931.82486 | J38: =IF(COUNTA(C38:C1677)=0,"",IF(I38>3600,TRUNC(I38/3600)&"h ","")&IF(I38>59,IF(AND(I38>3599,QUOTIENT(MOD(I38,3600),60)<10),"0","")&QUOTIENT(MOD(I38,3600),60)&"m ","")&IF(AND(I38>=10,MOD(I38,60)<10),"0","")&ROUNDDOWN(MOD(I38,60),0)&"s") -> 15m 31s | K38: =IF(COUNTA(C38:C1677)=0,"",K37+IF(H38>0,H38,0)) -> 76436 | L38: =IFS(AND(COUNTA(C38:C1677)=0,COUNTA(Q38:Q1677)=0),"",OR(AND(K38>=1000000000,OR(Y38>=1000000000,COUNTA(Q38:Q1677)=0)),OR(Y38>=1000000000,AND(COUNTA(C38:C1677)=0,P$3=TRUE))),AF$1, AND(K38<1000000000,COUNTA(C38:C1677)>0,P$3=FALSE),TRUNC(LARGE(W$4:W1677,COUNTIF(Y$4:Y1677,">"&K38)+1)+(K38-LARGE(Y$4:Y1677,COUNTIF(Y$4:Y1677,">"&K38)+1))/LARGE(T$4:T1677,COUNTIF(Y$4:Y1677,">"&K38)+1)-I38,5),1, TRUNC(W38-LARGE(I$4:I1677,COUNTIF(K$4:K1677,">"&Y38)+1)-(Y38-LARGE(K$4:K1677,COUNTIF(K$4:K1677,">"&Y38)+1))/LARGE(F$4:F1677,COUNTIF(K$4:K1677,">"&Y38)+1),5)) -> 0 | M38: =IFERROR(__xludf.DUMMYFUNCTION("IFS(AND(COUNTA(C38:C1644)=0,COUNTA(Q38:Q1644)=0),"""",OR(AND(K38>=1000000000,OR(Y38>=1000000000,COUNTA(Q38:Q1644)=0)),OR(Y38>=1000000000,AND(COUNTA(C38:C1644)=0,P$3=TRUE))), ROUNDDOWN((AB$1-AC$1)*MAX(INDEX(T$4:T1644,MATCH(LARGE(FILTER(Y$4:Y1644,Y$4:Y1644<"&"1000000000),1),Y$4:Y1644)),INDEX(F$4:F1644,MATCH(LARGE(FILTER(K$4:K1644,K$4:K1644<1000000000),1),K$4:K1644)))),AND(K38<1000000000,COUNTA(C38:C1644)>0,P$3=FALSE), ROUNDDOWN(INDEX(Y$4:Y1644,MATCH(LARGE(FILTER(W$4:W1644,W$4:W1644<=I38),1),W$4:W1644))+(I38-LA"&"RGE(FILTER(W$4:W1644,W$4:W1644<=I38),1))*INDEX(T$4:T1644,MATCH(LARGE(FILTER(W$4:W1644,W$4:W1644<=I38),1),W$4:W1644))-K38),1, ROUNDDOWN(Y38-INDEX(K$4:K1644,MATCH(LARGE(FILTER(I$4:I1644,I$4:I1644<=W38),1),I$4:I1644))-(W38-LARGE(FILTER(I$4:I1644,I$4:I1644<=W"&"38),1))*INDEX(F$4:F1644,MATCH(LARGE(FILTER(I$4:I1644,I$4:I1644<=W38),1),I$4:I1644))))"),0.0) -> 0 | N38: =IF(ABS(L38)>=10000,TEXT(ROUND(L38,1),"#.#")&IF(RIGHT(TEXT(ROUND(L38,1),"#.#"))=",","0",""),L38) -> 0 | O38: =IF(ABS(M38)<1000000,M38,IF(ABS(M38)<1000000000,TEXT(ROUND(M38/1000000,1),"#.#")&IF(RIGHT(TEXT(ROUND(M38/1000000,1),"#.#"))=",","0","")&"M",TEXT(ROUND(M38/1000000000,1),"#.#")&IF(RIGHT(TEXT(ROUND(M38/1000000000,1),"#.#"))=",","0","")&"B")) -> 0 | P38: =IF(COUNTA(Q38:Q1677)=0,"",COUNTIF(Q$4:Q38,Q38)-COUNTIF(Q$4:Q38,"Sell_"&Q38)) -> 4 | Q38: Factory | R38: =IFERROR(__xludf.DUMMYFUNCTION("IF(COUNTA(Q38:Q1644)=0,"""",IF(ISBLANK(Q38),FALSE,IF(NOT(COUNTIF($AA$24:$AA$34,SUBSTITUTE(Q38,""Sell_"",""""))),1,IF(REGEXMATCH(Q38,""Sell_""),IF(COUNTIF(Q$4:Q38,SUBSTITUTE(Q38,""Sell_"",""""))-COUNTIF(Q$4:Q37,Q38)<1,1),FALSE))))"),FALSE) -> FALSE | S38: {=IF(COUNTA(Q38:Q1644)=0,"",SUM((COUNTIF(Q$4:Q38,Upgrades!$B$3:$B$13)-COUNTIF(Q$4:Q38,"Sell_"&Upgrades!$B$3:$B$13))*Upgrades!$D$3:$D$13))} -> 244.4 | T38: =IFERROR(__xludf.DUMMYFUNCTION("IF(COUNTA(Q38:Q1644)=0,"""",IF(REGEXMATCH(INDEX(FILTER(Q$4:Q38,Q$4:Q38<>""""),ROWS(FILTER(Q$4:Q38,Q$4:Q38<>""""))),""^Sell_""),INDEX(FILTER(T$4:T37,Q$4:Q37<>""""),ROWS(FILTER(Q$4:Q37,Q$4:Q37<>""""))),$AD$5+S38))"),254.4) -> 254.4 | U38: =IFERROR(__xludf.DUMMYFUNCTION("IF(COUNTA(Q38:Q1644)=0,"""",IF(Q38="""",0,IF(REGEXMATCH(Q38,""^Sell_""),-ROUNDDOWN(ROUNDUP(INDEX(Upgrades!$C$3:$C$13,MATCH(SUBSTITUTE(Q38,""Sell_"",""""),Upgrades!$B$3:$B$13,0))*1.15^(COUNTIF(Q$4:Q37,SUBSTITUTE(Q38,""Sell_"",""""))-COUNTIF(Q$4:Q37,""Sell_"&"""&SUBSTITUTE(Q38,""Sell_"",""""))))/2),ROUNDUP(INDEX(Upgrades!$C$3:$C$13,MATCH(Q38,Upgrades!$B$3:$B$13,0))*1.15^(COUNTIF(Q$4:Q37,Q38)-COUNTIF(Q$4:Q37,""Sell_""&Q38))))))"),4563.0) -> 4563 | V38: =IF(COUNTA(Q38:Q1677)=0,"",U38+IF(V37<0,V37)) -> 4563 | W38: =IF(COUNTA(Q38:Q1677)=0,"",W37+IF(V38>0,V38,0)/T37) -> 931.82486 | X38: =IF(COUNTA(Q38:Q1677)=0,"",IF(W38>3600,TRUNC(W38/3600)&"h ","")&IF(W38>59,IF(AND(W38>3599,QUOTIENT(MOD(W38,3600),60)<10),"0","")&QUOTIENT(MOD(W38,3600),60)&"m ","")&IF(AND(W38>=10,MOD(W38,60)<10),"0","")&ROUNDDOWN(MOD(W38,60),0)&"s") -> 15m 31s | Y38: =IF(COUNTA(Q38:Q1677)=0,"",Y37+IF(V38>0,V38,0)) -> 76436
B39: =IF(COUNTA(C39:C1678)=0,"",COUNTIF(C$4:C39,C39)-COUNTIF(C$4:C39,"Sell_"&C39)) -> 5 | C39: Mine | D39: =IFERROR(__xludf.DUMMYFUNCTION("IF(COUNTA(C39:C1644)=0,"""",IF(ISBLANK(C39),FALSE,IF(NOT(COUNTIF($AA$24:$AA$34,SUBSTITUTE(C39,""Sell_"",""""))),1,IF(REGEXMATCH(C39,""Sell_""),IF(COUNTIF(C$4:C39,SUBSTITUTE(C39,""Sell_"",""""))-COUNTIF(C$4:C38,C39)<1,1),FALSE))))"),FALSE) -> FALSE | E39: {=IF(COUNTA(C39:C1644)=0,"",SUM((COUNTIF(C$4:C39,Upgrades!$B$3:$B$13)-COUNTIF(C$4:C39,"Sell_"&Upgrades!$B$3:$B$13))*Upgrades!$D$3:$D$13))} -> 284.4 | F39: =IFERROR(__xludf.DUMMYFUNCTION("IF(COUNTA(C39:C1644)=0,"""",IF(REGEXMATCH(INDEX(FILTER(C$4:C39,C$4:C39<>""""),ROWS(FILTER(C$4:C39,C$4:C39<>""""))),""^Sell_""),INDEX(FILTER(F$4:F38,C$4:C38<>""""),ROWS(FILTER(C$4:C38,C$4:C38<>""""))),$AC$5+E39))"),294.4) -> 294.4 | G39: =IFERROR(__xludf.DUMMYFUNCTION("IF(COUNTA(C39:C1644)=0,"""",IF(C39="""",0,IF(REGEXMATCH(C39,""^Sell_""),-ROUNDDOWN(ROUNDUP(INDEX(Upgrades!$C$3:$C$13,MATCH(SUBSTITUTE(C39,""Sell_"",""""),Upgrades!$B$3:$B$13,0))*1.15^(COUNTIF(C$4:C38,SUBSTITUTE(C39,""Sell_"",""""))-COUNTIF(C$4:C38,""Sell_"&"""&SUBSTITUTE(C39,""Sell_"",""""))))/2),ROUNDUP(INDEX(Upgrades!$C$3:$C$13,MATCH(C39,Upgrades!$B$3:$B$13,0))*1.15^(COUNTIF(C$4:C38,C39)-COUNTIF(C$4:C38,""Sell_""&C39))))))"),17491.0) -> 17491 | H39: =IF(COUNTA(C39:C1678)=0,"",G39+IF(H38<0,H38)) -> 17491 | I39: =IF(COUNTA(C39:C1678)=0,"",I38+IF(H39>0,H39,0)/F38) -> 1000.5788 | J39: =IF(COUNTA(C39:C1678)=0,"",IF(I39>3600,TRUNC(I39/3600)&"h ","")&IF(I39>59,IF(AND(I39>3599,QUOTIENT(MOD(I39,3600),60)<10),"0","")&QUOTIENT(MOD(I39,3600),60)&"m ","")&IF(AND(I39>=10,MOD(I39,60)<10),"0","")&ROUNDDOWN(MOD(I39,60),0)&"s") -> 16m 40s | K39: =IF(COUNTA(C39:C1678)=0,"",K38+IF(H39>0,H39,0)) -> 93927 | L39: =IFS(AND(COUNTA(C39:C1678)=0,COUNTA(Q39:Q1678)=0),"",OR(AND(K39>=1000000000,OR(Y39>=1000000000,COUNTA(Q39:Q1678)=0)),OR(Y39>=1000000000,AND(COUNTA(C39:C1678)=0,P$3=TRUE))),AF$1, AND(K39<1000000000,COUNTA(C39:C1678)>0,P$3=FALSE),TRUNC(LARGE(W$4:W1678,COUNTIF(Y$4:Y1678,">"&K39)+1)+(K39-LARGE(Y$4:Y1678,COUNTIF(Y$4:Y1678,">"&K39)+1))/LARGE(T$4:T1678,COUNTIF(Y$4:Y1678,">"&K39)+1)-I39,5),1, TRUNC(W39-LARGE(I$4:I1678,COUNTIF(K$4:K1678,">"&Y39)+1)-(Y39-LARGE(K$4:K1678,COUNTIF(K$4:K1678,">"&Y39)+1))/LARGE(F$4:F1678,COUNTIF(K$4:K1678,">"&Y39)+1),5)) -> 0 | M39: =IFERROR(__xludf.DUMMYFUNCTION("IFS(AND(COUNTA(C39:C1644)=0,COUNTA(Q39:Q1644)=0),"""",OR(AND(K39>=1000000000,OR(Y39>=1000000000,COUNTA(Q39:Q1644)=0)),OR(Y39>=1000000000,AND(COUNTA(C39:C1644)=0,P$3=TRUE))), ROUNDDOWN((AB$1-AC$1)*MAX(INDEX(T$4:T1644,MATCH(LARGE(FILTER(Y$4:Y1644,Y$4:Y1644<"&"1000000000),1),Y$4:Y1644)),INDEX(F$4:F1644,MATCH(LARGE(FILTER(K$4:K1644,K$4:K1644<1000000000),1),K$4:K1644)))),AND(K39<1000000000,COUNTA(C39:C1644)>0,P$3=FALSE), ROUNDDOWN(INDEX(Y$4:Y1644,MATCH(LARGE(FILTER(W$4:W1644,W$4:W1644<=I39),1),W$4:W1644))+(I39-LA"&"RGE(FILTER(W$4:W1644,W$4:W1644<=I39),1))*INDEX(T$4:T1644,MATCH(LARGE(FILTER(W$4:W1644,W$4:W1644<=I39),1),W$4:W1644))-K39),1, ROUNDDOWN(Y39-INDEX(K$4:K1644,MATCH(LARGE(FILTER(I$4:I1644,I$4:I1644<=W39),1),I$4:I1644))-(W39-LARGE(FILTER(I$4:I1644,I$4:I1644<=W"&"39),1))*INDEX(F$4:F1644,MATCH(LARGE(FILTER(I$4:I1644,I$4:I1644<=W39),1),I$4:I1644))))"),0.0) -> 0 | N39: =IF(ABS(L39)>=10000,TEXT(ROUND(L39,1),"#.#")&IF(RIGHT(TEXT(ROUND(L39,1),"#.#"))=",","0",""),L39) -> 0 | O39: =IF(ABS(M39)<1000000,M39,IF(ABS(M39)<1000000000,TEXT(ROUND(M39/1000000,1),"#.#")&IF(RIGHT(TEXT(ROUND(M39/1000000,1),"#.#"))=",","0","")&"M",TEXT(ROUND(M39/1000000000,1),"#.#")&IF(RIGHT(TEXT(ROUND(M39/1000000000,1),"#.#"))=",","0","")&"B")) -> 0 | P39: =IF(COUNTA(Q39:Q1678)=0,"",COUNTIF(Q$4:Q39,Q39)-COUNTIF(Q$4:Q39,"Sell_"&Q39)) -> 5 | Q39: Mine | R39: =IFERROR(__xludf.DUMMYFUNCTION("IF(COUNTA(Q39:Q1644)=0,"""",IF(ISBLANK(Q39),FALSE,IF(NOT(COUNTIF($AA$24:$AA$34,SUBSTITUTE(Q39,""Sell_"",""""))),1,IF(REGEXMATCH(Q39,""Sell_""),IF(COUNTIF(Q$4:Q39,SUBSTITUTE(Q39,""Sell_"",""""))-COUNTIF(Q$4:Q38,Q39)<1,1),FALSE))))"),FALSE) -> FALSE | S39: {=IF(COUNTA(Q39:Q1644)=0,"",SUM((COUNTIF(Q$4:Q39,Upgrades!$B$3:$B$13)-COUNTIF(Q$4:Q39,"Sell_"&Upgrades!$B$3:$B$13))*Upgrades!$D$3:$D$13))} -> 284.4 | T39: =IFERROR(__xludf.DUMMYFUNCTION("IF(COUNTA(Q39:Q1644)=0,"""",IF(REGEXMATCH(INDEX(FILTER(Q$4:Q39,Q$4:Q39<>""""),ROWS(FILTER(Q$4:Q39,Q$4:Q39<>""""))),""^Sell_""),INDEX(FILTER(T$4:T38,Q$4:Q38<>""""),ROWS(FILTER(Q$4:Q38,Q$4:Q38<>""""))),$AD$5+S39))"),294.4) -> 294.4 | U39: =IFERROR(__xludf.DUMMYFUNCTION("IF(COUNTA(Q39:Q1644)=0,"""",IF(Q39="""",0,IF(REGEXMATCH(Q39,""^Sell_""),-ROUNDDOWN(ROUNDUP(INDEX(Upgrades!$C$3:$C$13,MATCH(SUBSTITUTE(Q39,""Sell_"",""""),Upgrades!$B$3:$B$13,0))*1.15^(COUNTIF(Q$4:Q38,SUBSTITUTE(Q39,""Sell_"",""""))-COUNTIF(Q$4:Q38,""Sell_"&"""&SUBSTITUTE(Q39,""Sell_"",""""))))/2),ROUNDUP(INDEX(Upgrades!$C$3:$C$13,MATCH(Q39,Upgrades!$B$3:$B$13,0))*1.15^(COUNTIF(Q$4:Q38,Q39)-COUNTIF(Q$4:Q38,""Sell_""&Q39))))))"),17491.0) -> 17491 | V39: =IF(COUNTA(Q39:Q1678)=0,"",U39+IF(V38<0,V38)) -> 17491 | W39: =IF(COUNTA(Q39:Q1678)=0,"",W38+IF(V39>0,V39,0)/T38) -> 1000.5788 | X39: =IF(COUNTA(Q39:Q1678)=0,"",IF(W39>3600,TRUNC(W39/3600)&"h ","")&IF(W39>59,IF(AND(W39>3599,QUOTIENT(MOD(W39,3600),60)<10),"0","")&QUOTIENT(MOD(W39,3600),60)&"m ","")&IF(AND(W39>=10,MOD(W39,60)<10),"0","")&ROUNDDOWN(MOD(W39,60),0)&"s") -> 16m 40s | Y39: =IF(COUNTA(Q39:Q1678)=0,"",Y38+IF(V39>0,V39,0)) -> 93927 | AA39: Did you find a better route? | AC39: =IF(AF1<0,"YES","NO") -> YES | AD39: SUBMIT
B40: =IF(COUNTA(C40:C1679)=0,"",COUNTIF(C$4:C40,C40)-COUNTIF(C$4:C40,"Sell_"&C40)) -> 11 | C40: Farm | D40: =IFERROR(__xludf.DUMMYFUNCTION("IF(COUNTA(C40:C1644)=0,"""",IF(ISBLANK(C40),FALSE,IF(NOT(COUNTIF($AA$24:$AA$34,SUBSTITUTE(C40,""Sell_"",""""))),1,IF(REGEXMATCH(C40,""Sell_""),IF(COUNTIF(C$4:C40,SUBSTITUTE(C40,""Sell_"",""""))-COUNTIF(C$4:C39,C40)<1,1),FALSE))))"),FALSE) -> FALSE | E40: {=IF(COUNTA(C40:C1644)=0,"",SUM((COUNTIF(C$4:C40,Upgrades!$B$3:$B$13)-COUNTIF(C$4:C40,"Sell_"&Upgrades!$B$3:$B$13))*Upgrades!$D$3:$D$13))} -> 288.4 | F40: =IFERROR(__xludf.DUMMYFUNCTION("IF(COUNTA(C40:C1644)=0,"""",IF(REGEXMATCH(INDEX(FILTER(C$4:C40,C$4:C40<>""""),ROWS(FILTER(C$4:C40,C$4:C40<>""""))),""^Sell_""),INDEX(FILTER(F$4:F39,C$4:C39<>""""),ROWS(FILTER(C$4:C39,C$4:C39<>""""))),$AC$5+E40))"),298.4) -> 298.4 | G40: =IFERROR(__xludf.DUMMYFUNCTION("IF(COUNTA(C40:C1644)=0,"""",IF(C40="""",0,IF(REGEXMATCH(C40,""^Sell_""),-ROUNDDOWN(ROUNDUP(INDEX(Upgrades!$C$3:$C$13,MATCH(SUBSTITUTE(C40,""Sell_"",""""),Upgrades!$B$3:$B$13,0))*1.15^(COUNTIF(C$4:C39,SUBSTITUTE(C40,""Sell_"",""""))-COUNTIF(C$4:C39,""Sell_"&"""&SUBSTITUTE(C40,""Sell_"",""""))))/2),ROUNDUP(INDEX(Upgrades!$C$3:$C$13,MATCH(C40,Upgrades!$B$3:$B$13,0))*1.15^(COUNTIF(C$4:C39,C40)-COUNTIF(C$4:C39,""Sell_""&C40))))))"),2023.0) -> 2023 | H40: =IF(COUNTA(C40:C1679)=0,"",G40+IF(H39<0,H39)) -> 2023 | I40: =IF(COUNTA(C40:C1679)=0,"",I39+IF(H40>0,H40,0)/F39) -> 1007.4504 | J40: =IF(COUNTA(C40:C1679)=0,"",IF(I40>3600,TRUNC(I40/3600)&"h ","")&IF(I40>59,IF(AND(I40>3599,QUOTIENT(MOD(I40,3600),60)<10),"0","")&QUOTIENT(MOD(I40,3600),60)&"m ","")&IF(AND(I40>=10,MOD(I40,60)<10),"0","")&ROUNDDOWN(MOD(I40,60),0)&"s") -> 16m 47s | K40: =IF(COUNTA(C40:C1679)=0,"",K39+IF(H40>0,H40,0)) -> 95950 | L40: =IFS(AND(COUNTA(C40:C1679)=0,COUNTA(Q40:Q1679)=0),"",OR(AND(K40>=1000000000,OR(Y40>=1000000000,COUNTA(Q40:Q1679)=0)),OR(Y40>=1000000000,AND(COUNTA(C40:C1679)=0,P$3=TRUE))),AF$1, AND(K40<1000000000,COUNTA(C40:C1679)>0,P$3=FALSE),TRUNC(LARGE(W$4:W1679,COUNTIF(Y$4:Y1679,">"&K40)+1)+(K40-LARGE(Y$4:Y1679,COUNTIF(Y$4:Y1679,">"&K40)+1))/LARGE(T$4:T1679,COUNTIF(Y$4:Y1679,">"&K40)+1)-I40,5),1, TRUNC(W40-LARGE(I$4:I1679,COUNTIF(K$4:K1679,">"&Y40)+1)-(Y40-LARGE(K$4:K1679,COUNTIF(K$4:K1679,">"&Y40)+1))/LARGE(F$4:F1679,COUNTIF(K$4:K1679,">"&Y40)+1),5)) -> 0 | M40: =IFERROR(__xludf.DUMMYFUNCTION("IFS(AND(COUNTA(C40:C1644)=0,COUNTA(Q40:Q1644)=0),"""",OR(AND(K40>=1000000000,OR(Y40>=1000000000,COUNTA(Q40:Q1644)=0)),OR(Y40>=1000000000,AND(COUNTA(C40:C1644)=0,P$3=TRUE))), ROUNDDOWN((AB$1-AC$1)*MAX(INDEX(T$4:T1644,MATCH(LARGE(FILTER(Y$4:Y1644,Y$4:Y1644<"&"1000000000),1),Y$4:Y1644)),INDEX(F$4:F1644,MATCH(LARGE(FILTER(K$4:K1644,K$4:K1644<1000000000),1),K$4:K1644)))),AND(K40<1000000000,COUNTA(C40:C1644)>0,P$3=FALSE), ROUNDDOWN(INDEX(Y$4:Y1644,MATCH(LARGE(FILTER(W$4:W1644,W$4:W1644<=I40),1),W$4:W1644))+(I40-LA"&"RGE(FILTER(W$4:W1644,W$4:W1644<=I40),1))*INDEX(T$4:T1644,MATCH(LARGE(FILTER(W$4:W1644,W$4:W1644<=I40),1),W$4:W1644))-K40),1, ROUNDDOWN(Y40-INDEX(K$4:K1644,MATCH(LARGE(FILTER(I$4:I1644,I$4:I1644<=W40),1),I$4:I1644))-(W40-LARGE(FILTER(I$4:I1644,I$4:I1644<=W"&"40),1))*INDEX(F$4:F1644,MATCH(LARGE(FILTER(I$4:I1644,I$4:I1644<=W40),1),I$4:I1644))))"),0.0) -> 0 | N40: =IF(ABS(L40)>=10000,TEXT(ROUND(L40,1),"#.#")&IF(RIGHT(TEXT(ROUND(L40,1),"#.#"))=",","0",""),L40) -> 0 | O40: =IF(ABS(M40)<1000000,M40,IF(ABS(M40)<1000000000,TEXT(ROUND(M40/1000000,1),"#.#")&IF(RIGHT(TEXT(ROUND(M40/1000000,1),"#.#"))=",","0","")&"M",TEXT(ROUND(M40/1000000000,1),"#.#")&IF(RIGHT(TEXT(ROUND(M40/1000000000,1),"#.#"))=",","0","")&"B")) -> 0 | P40: =IF(COUNTA(Q40:Q1679)=0,"",COUNTIF(Q$4:Q40,Q40)-COUNTIF(Q$4:Q40,"Sell_"&Q40)) -> 11 | Q40: Farm | R40: =IFERROR(__xludf.DUMMYFUNCTION("IF(COUNTA(Q40:Q1644)=0,"""",IF(ISBLANK(Q40),FALSE,IF(NOT(COUNTIF($AA$24:$AA$34,SUBSTITUTE(Q40,""Sell_"",""""))),1,IF(REGEXMATCH(Q40,""Sell_""),IF(COUNTIF(Q$4:Q40,SUBSTITUTE(Q40,""Sell_"",""""))-COUNTIF(Q$4:Q39,Q40)<1,1),FALSE))))"),FALSE) -> FALSE | S40: {=IF(COUNTA(Q40:Q1644)=0,"",SUM((COUNTIF(Q$4:Q40,Upgrades!$B$3:$B$13)-COUNTIF(Q$4:Q40,"Sell_"&Upgrades!$B$3:$B$13))*Upgrades!$D$3:$D$13))} -> 288.4 | T40: =IFERROR(__xludf.DUMMYFUNCTION("IF(COUNTA(Q40:Q1644)=0,"""",IF(REGEXMATCH(INDEX(FILTER(Q$4:Q40,Q$4:Q40<>""""),ROWS(FILTER(Q$4:Q40,Q$4:Q40<>""""))),""^Sell_""),INDEX(FILTER(T$4:T39,Q$4:Q39<>""""),ROWS(FILTER(Q$4:Q39,Q$4:Q39<>""""))),$AD$5+S40))"),298.4) -> 298.4 | U40: =IFERROR(__xludf.DUMMYFUNCTION("IF(COUNTA(Q40:Q1644)=0,"""",IF(Q40="""",0,IF(REGEXMATCH(Q40,""^Sell_""),-ROUNDDOWN(ROUNDUP(INDEX(Upgrades!$C$3:$C$13,MATCH(SUBSTITUTE(Q40,""Sell_"",""""),Upgrades!$B$3:$B$13,0))*1.15^(COUNTIF(Q$4:Q39,SUBSTITUTE(Q40,""Sell_"",""""))-COUNTIF(Q$4:Q39,""Sell_"&"""&SUBSTITUTE(Q40,""Sell_"",""""))))/2),ROUNDUP(INDEX(Upgrades!$C$3:$C$13,MATCH(Q40,Upgrades!$B$3:$B$13,0))*1.15^(COUNTIF(Q$4:Q39,Q40)-COUNTIF(Q$4:Q39,""Sell_""&Q40))))))"),2023.0) -> 2023 | V40: =IF(COUNTA(Q40:Q1679)=0,"",U40+IF(V39<0,V39)) -> 2023 | W40: =IF(COUNTA(Q40:Q1679)=0,"",W39+IF(V40>0,V40,0)/T39) -> 1007.4504 | X40: =IF(COUNTA(Q40:Q1679)=0,"",IF(W40>3600,TRUNC(W40/3600)&"h ","")&IF(W40>59,IF(AND(W40>3599,QUOTIENT(MOD(W40,3600),60)<10),"0","")&QUOTIENT(MOD(W40,3600),60)&"m ","")&IF(AND(W40>=10,MOD(W40,60)<10),"0","")&ROUNDDOWN(MOD(W40,60),0)&"s") -> 16m 47s | Y40: =IF(COUNTA(Q40:Q1679)=0,"",Y39+IF(V40>0,V40,0)) -> 95950
B41: =IF(COUNTA(C41:C1680)=0,"",COUNTIF(C$4:C41,C41)-COUNTIF(C$4:C41,"Sell_"&C41)) -> 10 | C41: Cursor | D41: =IFERROR(__xludf.DUMMYFUNCTION("IF(COUNTA(C41:C1644)=0,"""",IF(ISBLANK(C41),FALSE,IF(NOT(COUNTIF($AA$24:$AA$34,SUBSTITUTE(C41,""Sell_"",""""))),1,IF(REGEXMATCH(C41,""Sell_""),IF(COUNTIF(C$4:C41,SUBSTITUTE(C41,""Sell_"",""""))-COUNTIF(C$4:C40,C41)<1,1),FALSE))))"),FALSE) -> FALSE | E41: {=IF(COUNTA(C41:C1644)=0,"",SUM((COUNTIF(C$4:C41,Upgrades!$B$3:$B$13)-COUNTIF(C$4:C41,"Sell_"&Upgrades!$B$3:$B$13))*Upgrades!$D$3:$D$13))} -> 288.5 | F41: =IFERROR(__xludf.DUMMYFUNCTION("IF(COUNTA(C41:C1644)=0,"""",IF(REGEXMATCH(INDEX(FILTER(C$4:C41,C$4:C41<>""""),ROWS(FILTER(C$4:C41,C$4:C41<>""""))),""^Sell_""),INDEX(FILTER(F$4:F40,C$4:C40<>""""),ROWS(FILTER(C$4:C40,C$4:C40<>""""))),$AC$5+E41))"),298.5) -> 298.5 | G41: =IFERROR(__xludf.DUMMYFUNCTION("IF(COUNTA(C41:C1644)=0,"""",IF(C41="""",0,IF(REGEXMATCH(C41,""^Sell_""),-ROUNDDOWN(ROUNDUP(INDEX(Upgrades!$C$3:$C$13,MATCH(SUBSTITUTE(C41,""Sell_"",""""),Upgrades!$B$3:$B$13,0))*1.15^(COUNTIF(C$4:C40,SUBSTITUTE(C41,""Sell_"",""""))-COUNTIF(C$4:C40,""Sell_"&"""&SUBSTITUTE(C41,""Sell_"",""""))))/2),ROUNDUP(INDEX(Upgrades!$C$3:$C$13,MATCH(C41,Upgrades!$B$3:$B$13,0))*1.15^(COUNTIF(C$4:C40,C41)-COUNTIF(C$4:C40,""Sell_""&C41))))))"),53.0) -> 53 | H41: =IF(COUNTA(C41:C1680)=0,"",G41+IF(H40<0,H40)) -> 53 | I41: =IF(COUNTA(C41:C1680)=0,"",I40+IF(H41>0,H41,0)/F40) -> 1007.628 | J41: =IF(COUNTA(C41:C1680)=0,"",IF(I41>3600,TRUNC(I41/3600)&"h ","")&IF(I41>59,IF(AND(I41>3599,QUOTIENT(MOD(I41,3600),60)<10),"0","")&QUOTIENT(MOD(I41,3600),60)&"m ","")&IF(AND(I41>=10,MOD(I41,60)<10),"0","")&ROUNDDOWN(MOD(I41,60),0)&"s") -> 16m 47s | K41: =IF(COUNTA(C41:C1680)=0,"",K40+IF(H41>0,H41,0)) -> 96003 | L41: =IFS(AND(COUNTA(C41:C1680)=0,COUNTA(Q41:Q1680)=0),"",OR(AND(K41>=1000000000,OR(Y41>=1000000000,COUNTA(Q41:Q1680)=0)),OR(Y41>=1000000000,AND(COUNTA(C41:C1680)=0,P$3=TRUE))),AF$1, AND(K41<1000000000,COUNTA(C41:C1680)>0,P$3=FALSE),TRUNC(LARGE(W$4:W1680,COUNTIF(Y$4:Y1680,">"&K41)+1)+(K41-LARGE(Y$4:Y1680,COUNTIF(Y$4:Y1680,">"&K41)+1))/LARGE(T$4:T1680,COUNTIF(Y$4:Y1680,">"&K41)+1)-I41,5),1, TRUNC(W41-LARGE(I$4:I1680,COUNTIF(K$4:K1680,">"&Y41)+1)-(Y41-LARGE(K$4:K1680,COUNTIF(K$4:K1680,">"&Y41)+1))/LARGE(F$4:F1680,COUNTIF(K$4:K1680,">"&Y41)+1),5)) -> 0 | M41: =IFERROR(__xludf.DUMMYFUNCTION("IFS(AND(COUNTA(C41:C1644)=0,COUNTA(Q41:Q1644)=0),"""",OR(AND(K41>=1000000000,OR(Y41>=1000000000,COUNTA(Q41:Q1644)=0)),OR(Y41>=1000000000,AND(COUNTA(C41:C1644)=0,P$3=TRUE))), ROUNDDOWN((AB$1-AC$1)*MAX(INDEX(T$4:T1644,MATCH(LARGE(FILTER(Y$4:Y1644,Y$4:Y1644<"&"1000000000),1),Y$4:Y1644)),INDEX(F$4:F1644,MATCH(LARGE(FILTER(K$4:K1644,K$4:K1644<1000000000),1),K$4:K1644)))),AND(K41<1000000000,COUNTA(C41:C1644)>0,P$3=FALSE), ROUNDDOWN(INDEX(Y$4:Y1644,MATCH(LARGE(FILTER(W$4:W1644,W$4:W1644<=I41),1),W$4:W1644))+(I41-LA"&"RGE(FILTER(W$4:W1644,W$4:W1644<=I41),1))*INDEX(T$4:T1644,MATCH(LARGE(FILTER(W$4:W1644,W$4:W1644<=I41),1),W$4:W1644))-K41),1, ROUNDDOWN(Y41-INDEX(K$4:K1644,MATCH(LARGE(FILTER(I$4:I1644,I$4:I1644<=W41),1),I$4:I1644))-(W41-LARGE(FILTER(I$4:I1644,I$4:I1644<=W"&"41),1))*INDEX(F$4:F1644,MATCH(LARGE(FILTER(I$4:I1644,I$4:I1644<=W41),1),I$4:I1644))))"),0.0) -> 0 | N41: =IF(ABS(L41)>=10000,TEXT(ROUND(L41,1),"#.#")&IF(RIGHT(TEXT(ROUND(L41,1),"#.#"))=",","0",""),L41) -> 0 | O41: =IF(ABS(M41)<1000000,M41,IF(ABS(M41)<1000000000,TEXT(ROUND(M41/1000000,1),"#.#")&IF(RIGHT(TEXT(ROUND(M41/1000000,1),"#.#"))=",","0","")&"M",TEXT(ROUND(M41/1000000000,1),"#.#")&IF(RIGHT(TEXT(ROUND(M41/1000000000,1),"#.#"))=",","0","")&"B")) -> 0 | P41: =IF(COUNTA(Q41:Q1680)=0,"",COUNTIF(Q$4:Q41,Q41)-COUNTIF(Q$4:Q41,"Sell_"&Q41)) -> 10 | Q41: Cursor | R41: =IFERROR(__xludf.DUMMYFUNCTION("IF(COUNTA(Q41:Q1644)=0,"""",IF(ISBLANK(Q41),FALSE,IF(NOT(COUNTIF($AA$24:$AA$34,SUBSTITUTE(Q41,""Sell_"",""""))),1,IF(REGEXMATCH(Q41,""Sell_""),IF(COUNTIF(Q$4:Q41,SUBSTITUTE(Q41,""Sell_"",""""))-COUNTIF(Q$4:Q40,Q41)<1,1),FALSE))))"),FALSE) -> FALSE | S41: {=IF(COUNTA(Q41:Q1644)=0,"",SUM((COUNTIF(Q$4:Q41,Upgrades!$B$3:$B$13)-COUNTIF(Q$4:Q41,"Sell_"&Upgrades!$B$3:$B$13))*Upgrades!$D$3:$D$13))} -> 288.5 | T41: =IFERROR(__xludf.DUMMYFUNCTION("IF(COUNTA(Q41:Q1644)=0,"""",IF(REGEXMATCH(INDEX(FILTER(Q$4:Q41,Q$4:Q41<>""""),ROWS(FILTER(Q$4:Q41,Q$4:Q41<>""""))),""^Sell_""),INDEX(FILTER(T$4:T40,Q$4:Q40<>""""),ROWS(FILTER(Q$4:Q40,Q$4:Q40<>""""))),$AD$5+S41))"),298.5) -> 298.5 | U41: =IFERROR(__xludf.DUMMYFUNCTION("IF(COUNTA(Q41:Q1644)=0,"""",IF(Q41="""",0,IF(REGEXMATCH(Q41,""^Sell_""),-ROUNDDOWN(ROUNDUP(INDEX(Upgrades!$C$3:$C$13,MATCH(SUBSTITUTE(Q41,""Sell_"",""""),Upgrades!$B$3:$B$13,0))*1.15^(COUNTIF(Q$4:Q40,SUBSTITUTE(Q41,""Sell_"",""""))-COUNTIF(Q$4:Q40,""Sell_"&"""&SUBSTITUTE(Q41,""Sell_"",""""))))/2),ROUNDUP(INDEX(Upgrades!$C$3:$C$13,MATCH(Q41,Upgrades!$B$3:$B$13,0))*1.15^(COUNTIF(Q$4:Q40,Q41)-COUNTIF(Q$4:Q40,""Sell_""&Q41))))))"),53.0) -> 53 | V41: =IF(COUNTA(Q41:Q1680)=0,"",U41+IF(V40<0,V40)) -> 53 | W41: =IF(COUNTA(Q41:Q1680)=0,"",W40+IF(V41>0,V41,0)/T40) -> 1007.628 | X41: =IF(COUNTA(Q41:Q1680)=0,"",IF(W41>3600,TRUNC(W41/3600)&"h ","")&IF(W41>59,IF(AND(W41>3599,QUOTIENT(MOD(W41,3600),60)<10),"0","")&QUOTIENT(MOD(W41,3600),60)&"m ","")&IF(AND(W41>=10,MOD(W41,60)<10),"0","")&ROUNDDOWN(MOD(W41,60),0)&"s") -> 16m 47s | Y41: =IF(COUNTA(Q41:Q1680)=0,"",Y40+IF(V41>0,V41,0)) -> 96003
